Student,ID,SIS User ID,SIS Login ID,Root Account,Section,EC: Extra Credit for Prerequisite / Financial Aid Quiz - see announcement for details (5637677),Prerequisite / Financial Aid Quiz (in EPC only) - see announcement for details- Requires Respondus LockDown Browser (5637533), EC: Module 2 Group Session - Team Challenge: directions at https://tinyurl.com/3801-EC-Grp (5845509),Quiz 1 - directions at https://tinyurl.com/3801-QE- Requires Respondus LockDown Browser (5637603),EC Total to Ex1 (5637685),Midterm Exam 1 + EC + Curve 5pt (5637693),EC: Module sep 29 Group Session - Team Challenge - Fall 2018 (5866901),Midterm Exam 1: directions at https://tinyurl.com/3801-QE- Requires Respondus LockDown Browser (5637661),Quiz 2 - directions at https://tinyurl.com/3801-QE- Requires Respondus LockDown Browser (5637565),EC: Mid-Semester Survey (5637637),EC Total on Ex2 (5637681),Midterm Exam 2-s: directions at https://tinyurl.com/3801-QE- Requires Respondus LockDown Browser (5637653),Midterm Exam 2 + 7 + EC (5637695),Quiz 3 - directions at https://tinyurl.com/3801-QE- Requires Respondus LockDown Browser (5637651),EC Total on FinalEx (5637683),Capstone: EC students elected to panel (5892739),Final Exam-s: directions at https://tinyurl.com/3801-QE- Requires Respondus LockDown Browser (5637649),EC: First 5 mins of 6ab class time - Module 5 Group Session - Individualized Extra Chance: directions at https://tinyurl.com/EC-Ind (5864429),EC: Module 1 Group Session - Team Challenge: directions at https://tinyurl.com/3801-EC-Grp (5840273),EC: Module 1&2 Group Session - Individualized: directions at https://tinyurl.com/3801-EC-Ind (5637659),EC: Module 10 Group Session - Individualized: directions at https://tinyurl.com/3801-EC-Ind (5637627),EC: Module 11ab Group Session - Individualized: directions at https://tinyurl.com/3801-EC-Ind (5637643),EC: Module 3ab Group Session - Individualized: directions at https://tinyurl.com/3801-EC-Ind (5637563),EC: Module 3ab Group Session - Team Challenge: directions at https://tinyurl.com/3801-EC-Grp (5853475),EC: Module 3cd Group Session - Individualized: directions at https://tinyurl.com/3801-EC-Ind (5637657),EC: Module 3cd Group Session - Team Challenge - Fall 2018: directions at https://tinyurl.com/3801-EC-Grp (5859857),EC: Module 4 Group Session - Individualized0: directions athttps://tinyurl.com/3801-EC-Ind (5637591),EC: Module 5 Group Session - Individualized0: directions at https://tinyurl.com/EC-Ind (5637537),EC: Module 6cd Group Session - Individualized: directions at https://tinyurl.com/3801-EC-Ind (5637535),EC: Module 6cd Group Session - Team Challenge: directions athttps://tinyurl.com/3801-EC-Grp (5879615),EC: Module 8 Group Session (afternoon) - Team Challenge: directions athttps://tinyurl.com/3801-EC-Grp (5885961),EC: Module 8 Group Session (morning) - Team Challenge: directions athttps://tinyurl.com/3801-EC-Grp (5885375),EC: Module 8 Group Session - Individualized: directions at https://tinyurl.com/3801-EC-Ind (5637641),EC: Module 9ab Group Session - Individualized: directions at https://tinyurl.com/3801-EC-Ind (5637539),EC: Module 9ab Group Session - Team Challenge: directions at https://tinyurl.com/3801-EC-Grp (5892869),EC: Module 9cd Group Session - Individualized: directions at https://tinyurl.com/3801-EC-Ind (5637599),Final-s + EC (5637687),FYI - not an assignment: Intel Overclocking video (5637689),P1 Overall (5637697),P2 Overall (5637699),P3 Overall (5637701),EC: Module 9cd Group Session - Team Challenge: directions at https://tinyurl.com/3801-EC-Grp (5901737),EC: Capstone Panel Discussion-Edupads-Section 01 (5930193),EC: Capstone Panel Discussion-Edupads-Section 02 (5930191),EC: Capstone Report Peer-Review (5923215),EC: Capstone Paper Panel Perception Survey (5914817),EC: Exit Survey  (5637561),Assignments Current Score,Assignments Unposted Current Score,Assignments Final Score,Assignments Unposted Final Score,Assignment Reminders Current Score,Assignment Reminders Unposted Current Score,Assignment Reminders Final Score,Assignment Reminders Unposted Final Score,Extra Credit Current Score,Extra Credit Unposted Current Score,Extra Credit Final Score,Extra Credit Unposted Final Score,Component Scores (weighted in corresponding category after EC added) Current Score,Component Scores (weighted in corresponding category after EC added) Unposted Current Score,Component Scores (weighted in corresponding category after EC added) Final Score,Component Scores (weighted in corresponding category after EC added) Unposted Final Score,P1 Overall Current Score,P1 Overall Unposted Current Score,P1 Overall Final Score,P1 Overall Unposted Final Score,P2 Overall Current Score,P2 Overall Unposted Current Score,P2 Overall Final Score,P2 Overall Unposted Final Score,P3 Overall Current Score,P3 Overall Unposted Current Score,P3 Overall Final Score,P3 Overall Unposted Final Score,(Midterm Exam 1)+EC Current Score,(Midterm Exam 1)+EC Unposted Current Score,(Midterm Exam 1)+EC Final Score,(Midterm Exam 1)+EC Unposted Final Score,(Midterm Exam 2)+EC Current Score,(Midterm Exam 2)+EC Unposted Current Score,(Midterm Exam 2)+EC Final Score,(Midterm Exam 2)+EC Unposted Final Score,(Final Exam)+EC Current Score,(Final Exam)+EC Unposted Current Score,(Final Exam)+EC Final Score,(Final Exam)+EC Unposted Final Score,Quiz1-Category Current Score,Quiz1-Category Unposted Current Score,Quiz1-Category Final Score,Quiz1-Category Unposted Final Score,Quiz2-Category Current Score,Quiz2-Category Unposted Current Score,Quiz2-Category Final Score,Quiz2-Category Unposted Final Score,Quiz3-Category Current Score,Quiz3-Category Unposted Current Score,Quiz3-Category Final Score,Quiz3-Category Unposted Final Score,Imported Assignments Current Score,Imported Assignments Unposted Current Score,Imported Assignments Final Score,Imported Assignments Unposted Final Score,Current Score,Unposted Current Score,Final Score,Unposted Final Score,Current Grade,Unposted Current Grade,Final Grade,Unposted Final Grade
    Points Possible,,,,,,0.5,7,3,25,10,100,4,100,25,1,10,100,100,25,11,1,100,1,3,1,1,1,0.5,2,0.5,2,0.5,2,2,4,2,2,2,1,2,1,100,0,100,100,100,2,0,0,0,1,1,(read only),(read only),(read only),(read only),(read only),(read only),(read only),(read only),(read only),(read only),(read only),(read only),(read only),(read only),(read only),(read only),(read only),(read only),(read only),(read only),(read only),(read only),(read only),(read only),(read only),(read only),(read only),(read only),(read only),(read only),(read only),(read only),(read only),(read only),(read only),(read only),(read only),(read only),(read only),(read only),(read only),(read only),(read only),(read only),(read only),(read only),(read only),(read only),(read only),(read only),(read only),(read only),(read only),(read only),(read only),(read only),(read only),(read only),(read only),(read only),(read only),(read only),(read only),(read only)
,,,,webcourses.ucf.edu,EEL3801C-18Fall 0M02,0,6,4,25,7,71,N/A,59,25,1,12,92.47,111.47,20,1,,71.03,0,N/A,1,0,0,0.5,N/A,,1,0.5,0,2,5,2,N/A,2,0,,,72.03,,80.83,86.88,101,N/A,0,0,,,1,,,,,,,,,71.43,71.43,65.04,65.04,74.43,74.43,74.43,74.43,80.83,80.83,80.83,80.83,86.88,86.88,86.88,86.88,101,101,101,101,71,71,71,71,111.47,111.47,111.47,111.47,72.03,72.03,72.03,72.03,100,100,100,100,100,100,100,100,80,80,80,80,,,,,87.78,87.78,87.78,87.78,A,A,A,A
,,,,webcourses.ucf.edu,EEL3801C-18Fall 0M02,0.5,6,2,18.83,3,73.1,N/A,65.1,20,1,3,55.6,65.6,19.17,4.33,,44.63,0,N/A,0.5,1,0,0,N/A,0,,,,,,2,N/A,0,0.33,2,,48.96,,91.17,41.45,94,N/A,0,0,1,,1,,,,,,,,,44.09,44.09,34.41,34.41,55.81,55.81,55.81,55.81,91.17,91.17,91.17,91.17,41.45,41.45,41.45,41.45,94,94,94,94,73.1,73.1,73.1,73.1,65.6,65.6,65.6,65.6,48.96,48.96,48.96,48.96,75.33,75.33,75.33,75.33,80,80,80,80,76.68,76.68,76.68,76.68,,,,,67.99,67.99,67.99,67.99,C+,C+,C+,C+
,,,,webcourses.ucf.edu,EEL3801C-18Fall 0M01,0.5,4,,22.17,6.5,68.17,5,56.67,20,1,10.2,81.27,98.47,10,6.5,,62.97,,2,1,1,1,,2,0.5,N/A,0.5,0,2,N/A,N/A,2,0.2,,N/A,1,69.47,,96.25,89.38,77,1.5,0,0,,1,1,,,,,,,,,79.14,79.14,71.16,71.16,66.74,66.74,66.74,66.74,96.25,96.25,96.25,96.25,89.38,89.38,89.38,89.38,77,77,77,77,68.17,68.17,68.17,68.17,98.47,98.47,98.47,98.47,69.47,69.47,69.47,69.47,88.67,88.67,88.67,88.67,80,80,80,80,40,40,40,40,,,,,78.37,78.37,78.37,78.37,B,B,B,B
,,,,webcourses.ucf.edu,EEL3801C-18Fall 0M02,0.5,6,3,22.17,6.75,102.58,N/A,90.83,18.5,1,9.5,72.67,89.17,20.67,3,,64.87,,N/A,1,1,0,0.5,N/A,,1.75,0,0,0,5,2,N/A,1.5,,,1,67.87,,78.93,88.4,20,N/A,0,0,3,1,0,,,,,,,,,73.21,73.21,66.67,66.67,76.34,76.34,76.34,76.34,78.93,78.93,78.93,78.93,88.4,88.4,88.4,88.4,20,20,20,20,102.58,102.58,102.58,102.58,89.17,89.17,89.17,89.17,67.87,67.87,67.87,67.87,88.67,88.67,88.67,88.67,74,74,74,74,82.68,82.68,82.68,82.68,,,,,80.02,80.02,80.02,80.02,B+,B+,B+,B+
,,,,webcourses.ucf.edu,EEL3801C-18Fall 0M01,0.5,3,,15.67,3.5,51,,42.5,19,1,3,44.13,54.13,13,1,,24.57,,,,1,,0.5,2,0.5,N/A,,,2,N/A,N/A,,,,N/A,0,25.57,,84.43,74.69,100,,0,0,1,,,,,,,,,,,39.74,39.74,24.03,24.03,37.2,37.2,37.2,37.2,84.43,84.43,84.43,84.43,74.69,74.69,74.69,74.69,100,100,100,100,51,51,51,51,54.13,54.13,54.13,54.13,25.57,25.57,25.57,25.57,62.67,62.67,62.67,62.67,76,76,76,76,52,52,52,52,,,,,56.31,56.31,56.31,56.31,F,F,F,F
,,,,webcourses.ucf.edu,EEL3801C-18Fall 0M01,0,6,,24,4.25,58.58,2,49.33,9.5,,4,58.4,69.4,11.67,5,,55.24,,3,0,1,1,,1,,N/A,0.25,0,,N/A,N/A,2,,1,N/A,,60.23,,84.79,71.17,96,,2,0,,1,1,,,,,,,,,56.44,56.44,44.19,44.19,55.04,55.04,55.04,55.04,84.79,84.79,84.79,84.79,71.17,71.17,71.17,71.17,96,96,96,96,58.58,58.58,58.58,58.58,69.4,69.4,69.4,69.4,60.23,60.23,60.23,60.23,96,96,96,96,38,38,38,38,46.68,46.68,46.68,46.68,,,,,66.59,66.59,66.59,66.59,C+,C+,C+,C+
,,,,webcourses.ucf.edu,EEL3801C-18Fall 0M01,0.5,7,,22.17,2.32,95.12,5,87.8,22,1,12.75,64.33,84.08,22.17,6,,72.97,1,,,,1,0.5,0.57,0.5,N/A,0.25,2,,N/A,N/A,2,1.75,1,N/A,1,78.97,,88,88.4,100,2,0,0,2,,1,,,,,,,,,83.13,83.13,67.66,67.66,75.6,75.6,75.6,75.6,88,88,88,88,88.4,88.4,88.4,88.4,100,100,100,100,95.12,95.12,95.12,95.12,84.08,84.08,84.08,84.08,78.97,78.97,78.97,78.97,88.67,88.67,88.67,88.67,88,88,88,88,88.68,88.68,88.68,88.68,,,,,87.92,87.92,87.92,87.92,A,A,A,A
,,,,webcourses.ucf.edu,EEL3801C-18Fall 0M02,0,5,,24.5,1,90,N/A,84,23.5,,1,73.17,81.17,13,2,,58.6,,N/A,1,,0,0,N/A,,,,,,,,N/A,1,,,1,60.6,,68.67,73.56,100,N/A,0,0,2,,1,,,,,,,,,26.67,26.67,16.26,16.26,71.91,71.91,71.91,71.91,68.67,68.67,68.67,68.67,73.56,73.56,73.56,73.56,100,100,100,100,90,90,90,90,81.17,81.17,81.17,81.17,60.6,60.6,60.6,60.6,98,98,98,98,94,94,94,94,52,52,52,52,,,,,79.21,79.21,79.21,79.21,B,B,B,B
,,,,webcourses.ucf.edu,EEL3801C-18Fall 0M01,0,7,,5,6.75,56.42,4,44.67,14,1,12,75.47,94.47,18.42,7,,49.77,0,3,0.5,,1,0.5,2,0.5,N/A,0.25,1,2,N/A,N/A,3,1,1,N/A,0,56.77,,83.65,82.58,84,3,2,0,2,1,1,,,,,,,,,93.28,93.28,86.05,86.05,57.62,57.62,57.62,57.62,83.65,83.65,83.65,83.65,82.58,82.58,82.58,82.58,84,84,84,84,56.42,56.42,56.42,56.42,94.47,94.47,94.47,94.47,56.77,56.77,56.77,56.77,20,20,20,20,56,56,56,56,73.68,73.68,73.68,73.68,,,,,68.2,68.2,68.2,68.2,C+,C+,C+,C+
,,,,webcourses.ucf.edu,EEL3801C-18Fall 0M02,0,5,3,18.83,8.5,87.5,N/A,74,18.5,1,10,58.47,75.47,24,3.33,,79.26,,N/A,0,,,0.5,N/A,0.5,4,0.5,,2,4,2,N/A,1,0.33,2,0,82.6,,96.97,84.67,79,N/A,0,0,,1,,,,,,,,,,80.12,80.12,71,71,70.6,70.6,70.6,70.6,96.97,96.97,96.97,96.97,84.67,84.67,84.67,84.67,79,79,79,79,87.5,87.5,87.5,87.5,75.47,75.47,75.47,75.47,82.6,82.6,82.6,82.6,75.32,75.32,75.32,75.32,74,74,74,74,96,96,96,96,,,,,82.57,82.57,82.57,82.57,A-,A-,A-,A-
,,,,webcourses.ucf.edu,EEL3801C-18Fall 0M02,0.5,6,3,20.33,5.75,55.92,N/A,45.17,14,1,10,45.6,62.6,19.17,7,,60.77,1,N/A,0.25,1,1,0.5,N/A,0.5,1,0,2,1,,3,N/A,2,1,2,0,67.77,,86.4,81.62,93,N/A,0,2,3,1,1,,,,,,,,,88.5,88.5,81.3,81.3,51.31,51.31,51.31,51.31,86.4,86.4,86.4,86.4,81.62,81.62,81.62,81.62,93,93,93,93,55.92,55.92,55.92,55.92,62.6,62.6,62.6,62.6,67.77,67.77,67.77,67.77,81.33,81.33,81.33,81.33,56,56,56,56,76.68,76.68,76.68,76.68,,,,,69.01,69.01,69.01,69.01,C+,C+,C+,C+
,,,,webcourses.ucf.edu,EEL3801C-18Fall 0M01,0.5,6.67,,15.33,6.5,85.5,4,74,22,1,12.5,63.74,83.23,22.67,8,,43.9,1,2,0,0,1,0.5,3,0,N/A,0.5,1.5,2,N/A,N/A,2,1,1,N/A,1,51.9,,85.23,90.51,89,3,2,0,2,1,1,,,,,,,,,95.04,95.04,89.15,89.15,61.34,61.34,61.34,61.34,85.23,85.23,85.23,85.23,90.51,90.51,90.51,90.51,89,89,89,89,85.5,85.5,85.5,85.5,83.23,83.23,83.23,83.23,51.9,51.9,51.9,51.9,61.32,61.32,61.32,61.32,88,88,88,88,90.68,90.68,90.68,90.68,,,,,77.85,77.85,77.85,77.85,B,B,B,B
,,,,webcourses.ucf.edu,EEL3801C-18Fall 0M01,0.5,7,,25,0.5,86.83,,81.33,20.5,1,1,80.67,88.67,17.67,2,,65.68,,,,,,,,,N/A,,,,N/A,N/A,,,,N/A,,67.68,,60.32,54.53,13,,0,0,2,1,1,,,,,,,,,25,25,13.18,13.18,76.44,76.44,76.44,76.44,60.32,60.32,60.32,60.32,54.53,54.53,54.53,54.53,13,13,13,13,86.83,86.83,86.83,86.83,88.67,88.67,88.67,88.67,67.68,67.68,67.68,67.68,100,100,100,100,82,82,82,82,70.68,70.68,70.68,70.68,,,,,73.36,73.36,73.36,73.36,B-,B-,B-,B-
,,,,webcourses.ucf.edu,EEL3801C-18Fall 0M02,0,6,2,20.33,3,59.67,N/A,51.67,10.5,1,1,57.27,65.27,17.83,3,,45.2,,N/A,,,,0.5,N/A,0.5,,,,,,,N/A,,1,,1,48.2,,67.39,79.9,86,N/A,0,0,,,1,,,,,,,,,35.9,35.9,22.76,22.76,52.16,52.16,52.16,52.16,67.39,67.39,67.39,67.39,79.9,79.9,79.9,79.9,86,86,86,86,59.67,59.67,59.67,59.67,65.27,65.27,65.27,65.27,48.2,48.2,48.2,48.2,81.33,81.33,81.33,81.33,42,42,42,42,71.32,71.32,71.32,71.32,,,,,63.45,63.45,63.45,63.45,C,C,C,C
,,,,webcourses.ucf.edu,EEL3801C-18Fall 0M01,0.5,6,,17.83,6.5,83.83,4,72.33,23.5,1,11.6,53.5,72.1,18,7,,58.08,0,4,0,1,0,0,2,0,N/A,0,1,2,N/A,N/A,3,0.6,1,N/A,0,65.08,,76.89,73.82,100,3,2,0,3,1,1,,,,,,,,,90.41,90.41,84.81,84.81,61.86,61.86,61.86,61.86,76.89,76.89,76.89,76.89,73.82,73.82,73.82,73.82,100,100,100,100,83.83,83.83,83.83,83.83,72.1,72.1,72.1,72.1,65.08,65.08,65.08,65.08,71.32,71.32,71.32,71.32,94,94,94,94,72,72,72,72,,,,,77.04,77.04,77.04,77.04,B,B,B,B
,,,,webcourses.ucf.edu,EEL3801C-18Fall 0M01,0,3.67,,15.83,6.5,71.23,3,59.73,5,1,5,67.66,79.67,15.67,6,,52.23,,3,1,0,0,0,2,0,N/A,0.5,0,1,N/A,N/A,,,1,N/A,1,58.24,,81.27,83.41,49,2,1,0,,1,1,,,,,,,,,64.86,64.86,55.81,55.81,59.7,59.7,59.7,59.7,81.27,81.27,81.27,81.27,83.41,83.41,83.41,83.41,49,49,49,49,71.23,71.23,71.23,71.23,79.67,79.67,79.67,79.67,58.24,58.24,58.24,58.24,63.33,63.33,63.33,63.33,20,20,20,20,62.69,62.69,62.69,62.69,,,,,65.39,65.39,65.39,65.39,C+,C+,C+,C+
,,,,webcourses.ucf.edu,EEL3801C-18Fall 0M01,0.5,5.67,,0,8,85.97,,72.97,11,1,2,68.33,77.33,12.17,3.33,,41.78,,3,1,,1,1.5,2,0,N/A,0,1,,N/A,N/A,,,0.33,N/A,,45.11,,76.58,70.41,50,,0,0,,1,1,,,,,,,,,57.5,57.5,40.56,40.56,61.48,61.48,61.48,61.48,76.58,76.58,76.58,76.58,70.41,70.41,70.41,70.41,50,50,50,50,85.97,85.97,85.97,85.97,77.33,77.33,77.33,77.33,45.11,45.11,45.11,45.11,0,0,0,0,44,44,44,44,48.68,48.68,48.68,48.68,,,,,60.62,60.62,60.62,60.62,C,C,C,C
,,,,webcourses.ucf.edu,EEL3801C-18Fall 0M01,0.5,5,,6.5,5,46,,36,12.5,1,3,25.13,46,11.67,2,,21.52,1,4,0,,,0.5,,,N/A,0,,1,N/A,N/A,,,0,N/A,,23.52,,67.29,72.38,86,,2,0,2,1,1,,,,,,,,,54.65,54.65,36.43,36.43,28.55,28.55,28.55,28.55,67.29,67.29,67.29,67.29,72.38,72.38,72.38,72.38,86,86,86,86,46,46,46,46,46,46,46,46,23.52,23.52,23.52,23.52,26,26,26,26,50,50,50,50,46.68,46.68,46.68,46.68,,,,,46.6,46.6,46.6,46.6,F,F,F,F
,,,,webcourses.ucf.edu,EEL3801C-18Fall 0M02,0.5,5.67,,25,1,86,N/A,80,12,1,1,81.67,89.67,12.33,2,,65.3,,N/A,0.5,,,,N/A,,,,,,,,N/A,,,,,67.3,,89.07,68.04,89,N/A,0,0,,1,1,,,,,,,,,21.43,21.43,12.2,12.2,75.78,75.78,75.78,75.78,89.07,89.07,89.07,89.07,68.04,68.04,68.04,68.04,89,89,89,89,86,86,86,86,89.67,89.67,89.67,89.67,67.3,67.3,67.3,67.3,100,100,100,100,48,48,48,48,49.32,49.32,49.32,49.32,,,,,78.09,78.09,78.09,78.09,B,B,B,B
,,,,webcourses.ucf.edu,EEL3801C-18Fall 0M01,0.5,5,,20.5,5.5,82.67,,72.17,18,1,1,84.67,92.67,16.83,0,,45.9,,3,,,,,2,,N/A,,,,N/A,N/A,,,,N/A,,45.9,,88.67,82.93,101,,0,0,,,,,,,,,,,,33.78,33.78,19.38,19.38,67.67,67.67,67.67,67.67,88.67,88.67,88.67,88.67,82.93,82.93,82.93,82.93,101,101,101,101,82.67,82.67,82.67,82.67,92.67,92.67,92.67,92.67,45.9,45.9,45.9,45.9,82,82,82,82,72,72,72,72,67.32,67.32,67.32,67.32,,,,,77.33,77.33,77.33,77.33,B,B,B,B
,,,,webcourses.ucf.edu,EEL3801C-18Fall 0M02,0.5,5,4,20.33,9.5,71.66,N/A,57.16,18,1,12.25,56,75.25,20.2,8,,45.67,0,N/A,0.5,1,1,0.5,N/A,0.5,3,0.5,0,2,5,3,N/A,1.25,1,3,0,53.67,,87.1,82.16,94,N/A,0,0,,1,1,,,,,,,,,97.52,97.52,95.93,95.93,53.36,53.36,53.36,53.36,87.1,87.1,87.1,87.1,82.16,82.16,82.16,82.16,94,94,94,94,71.66,71.66,71.66,71.66,75.25,75.25,75.25,75.25,53.67,53.67,53.67,53.67,81.33,81.33,81.33,81.33,72,72,72,72,80.8,80.8,80.8,80.8,,,,,73.36,73.36,73.36,73.36,B-,B-,B-,B-
,,,,webcourses.ucf.edu,EEL3801C-18Fall 0M02,0.5,4.33,3,24,5,69,N/A,59,25,1,10,66.14,83.13,16.17,5,,43.47,1,N/A,0,,1,0.5,N/A,0,1,,1,,4,3,N/A,,1,2,,48.47,,86.22,89.49,81,N/A,0,1,2,,1,,,,,,,,,80.19,80.19,69.11,69.11,56.33,56.33,56.33,56.33,86.22,86.22,86.22,86.22,89.49,89.49,89.49,89.49,81,81,81,81,69,69,69,69,83.13,83.13,83.13,83.13,48.47,48.47,48.47,48.47,96,96,96,96,100,100,100,100,64.68,64.68,64.68,64.68,,,,,74.56,74.56,74.56,74.56,B-,B-,B-,B-
,,,,webcourses.ucf.edu,EEL3801C-18Fall 0M02,0,7,3,22,6.5,97.5,N/A,86,20.5,1,13,72.93,92.93,27,2,,57.63,1,N/A,,,,0.5,N/A,0.5,2,0.5,,2,5,4,N/A,,,,,59.63,,93.33,92.44,101,N/A,0,1,2,1,1,,,,,,,,,92.93,92.93,74.8,74.8,72.82,72.82,72.82,72.82,93.33,93.33,93.33,93.33,92.44,92.44,92.44,92.44,101,101,101,101,97.5,97.5,97.5,97.5,92.93,92.93,92.93,92.93,59.63,59.63,59.63,59.63,88,88,88,88,82,82,82,82,108,108,108,108,,,,,87.77,87.77,87.77,87.77,A,A,A,A
,,,,webcourses.ucf.edu,EEL3801C-18Fall 0M02,0,6,3,16.33,3.5,88.5,N/A,80,22,,4,48.73,59.73,18.2,6,,54.27,1,N/A,0,,1,0.5,N/A,0,,,,,,2,N/A,1,0,3,,60.27,,78.8,90.38,100,N/A,0,0,,1,1,,,,,,,,,57.45,57.45,43.9,43.9,61.56,61.56,61.56,61.56,78.8,78.8,78.8,78.8,90.38,90.38,90.38,90.38,100,100,100,100,88.5,88.5,88.5,88.5,59.73,59.73,59.73,59.73,60.27,60.27,60.27,60.27,65.33,65.33,65.33,65.33,88,88,88,88,72.8,72.8,72.8,72.8,,,,,75.05,75.05,75.05,75.05,B-,B-,B-,B-
,,,,webcourses.ucf.edu,EEL3801C-18Fall 0M01,0.5,5,,20.33,4.67,63.07,,53.4,12.5,,1,52.5,60.5,11,1.67,,0,,3,0.5,,,0,0.67,0,N/A,,,1,N/A,N/A,,,0.67,N/A,,1.67,,86.49,79.02,92,,0,0,,,1,,,,,,,,,33.75,33.75,21.97,21.97,36.12,36.12,36.12,36.12,86.49,86.49,86.49,86.49,79.02,79.02,79.02,79.02,92,92,92,92,63.07,63.07,63.07,63.07,60.5,60.5,60.5,60.5,1.67,1.67,1.67,1.67,81.33,81.33,81.33,81.33,50,50,50,50,44,44,44,44,,,,,53.96,53.96,53.96,53.96,F,F,F,F
,,,,webcourses.ucf.edu,EEL3801C-18Fall 0M01,0,6,,0,5.5,71.43,5,60.93,8.5,,7,77.67,91.67,18.33,1,,53.93,,2,1,,,,2,0.5,N/A,,2,,N/A,N/A,,,,N/A,,54.93,,73.56,30.67,100,,0,0,2,1,,,,,,,,,,65.17,65.17,44.96,44.96,64.67,64.67,64.67,64.67,73.56,73.56,73.56,73.56,30.67,30.67,30.67,30.67,100,100,100,100,71.43,71.43,71.43,71.43,91.67,91.67,91.67,91.67,54.93,54.93,54.93,54.93,0,0,0,0,34,34,34,34,73.32,73.32,73.32,73.32,,,,,64.59,64.59,64.59,64.59,C,C,C,C
,,,,webcourses.ucf.edu,EEL3801C-18Fall 0M02,0.5,7,5,25,9.75,106.88,N/A,92.13,25,1,3.5,81.27,91.77,25.5,7,,83.07,1,N/A,1,,,0.5,N/A,0.5,2,0.25,1.5,,,,N/A,,1,3,1,90.07,,93.33,97.71,103,N/A,0,0,,1,1,,,,,,,,,82.47,82.47,65.04,65.04,85.82,85.82,85.82,85.82,93.33,93.33,93.33,93.33,97.71,97.71,97.71,97.71,103,103,103,103,106.88,106.88,106.88,106.88,91.77,91.77,91.77,91.77,90.07,90.07,90.07,90.07,100,100,100,100,100,100,100,100,102,102,102,102,,,,,97.63,97.63,97.63,97.63,A,A,A,A
,,,,webcourses.ucf.edu,EEL3801C-18Fall 0M02,0.5,5.33,3,12.33,7,66,N/A,54,21,1,16,55.27,78.27,11,7,,41.87,1,N/A,1,1,1,0.5,N/A,,2,0,2,2,5,3,N/A,2,1,3,1,48.87,,87.27,81.84,50,N/A,0,1,2,,,,,,,,,,,107.76,107.76,101.63,101.63,50.97,50.97,50.97,50.97,87.27,87.27,87.27,87.27,81.84,81.84,81.84,81.84,50,50,50,50,66,66,66,66,78.27,78.27,78.27,78.27,48.87,48.87,48.87,48.87,49.33,49.33,49.33,49.33,84,84,84,84,44,44,44,44,,,,,64.55,64.55,64.55,64.55,C,C,C,C
,,,,webcourses.ucf.edu,EEL3801C-18Fall 0M01,0.5,5,,24,3.5,89,4,80.5,10.5,1,14,59.8,80.8,17.17,1,,58.55,1,,,0,0,,2,0.5,N/A,0.5,2,2,N/A,N/A,2,2,0,N/A,0,59.55,,94.67,85.8,92,,0,0,2,,1,,,,,,,,,72.64,72.64,59.69,59.69,66.4,66.4,66.4,66.4,94.67,94.67,94.67,94.67,85.8,85.8,85.8,85.8,92,92,92,92,89,89,89,89,80.8,80.8,80.8,80.8,59.55,59.55,59.55,59.55,96,96,96,96,42,42,42,42,68.68,68.68,68.68,68.68,,,,,77.76,77.76,77.76,77.76,B,B,B,B
,,,,webcourses.ucf.edu,EEL3801C-18Fall 0M02,0.5,5.67,3,20.53,5.5,85.67,N/A,75.17,20.5,1,11.75,77.8,96.55,21,7,,59.5,1,N/A,0.5,1,1,0,N/A,0.5,1,0,0,2,4,2,N/A,1.75,1,2,0,66.5,,90.2,95.02,99,N/A,0,0,2,1,1,,,,,,,,,82.64,82.64,81.3,81.3,71.05,71.05,71.05,71.05,90.2,90.2,90.2,90.2,95.02,95.02,95.02,95.02,99,99,99,99,85.67,85.67,85.67,85.67,96.55,96.55,96.55,96.55,66.5,66.5,66.5,66.5,82.12,82.12,82.12,82.12,82,82,82,82,84,84,84,84,,,,,85.38,85.38,85.38,85.38,A,A,A,A
,,,,webcourses.ucf.edu,EEL3801C-18Fall 0M01,0.5,6,,25,7,98.67,5,86.67,15.5,1,15.8,85.33,108.13,24.67,8,,63.6,1,3,0,1,1,0.5,2,0.5,N/A,0.5,2,2,N/A,N/A,3,1.8,0,N/A,1,71.6,,92.15,92.04,104,3,0,0,,1,1,,,,,,,,,100.99,100.99,94.73,94.73,78.7,78.7,78.7,78.7,92.15,92.15,92.15,92.15,92.04,92.04,92.04,92.04,104,104,104,104,98.67,98.67,98.67,98.67,108.13,108.13,108.13,108.13,71.6,71.6,71.6,71.6,100,100,100,100,62,62,62,62,98.68,98.68,98.68,98.68,,,,,92.44,92.44,92.44,92.44,A,A,A,A
,,,,webcourses.ucf.edu,EEL3801C-18Fall 0M02,0.5,5.67,4,25,7,81,N/A,69,14.5,1,10,48.33,65.33,17,2,,61.7,,N/A,,,,0.5,N/A,,2,,,1,5,2,N/A,1,,2,0,63.7,,76.09,61.58,91,N/A,0,1,1,,,,,,,,,,,78.22,78.22,64.23,64.23,60.16,60.16,60.16,60.16,76.09,76.09,76.09,76.09,61.58,61.58,61.58,61.58,91,91,91,91,81,81,81,81,65.33,65.33,65.33,65.33,63.7,63.7,63.7,63.7,100,100,100,100,58,58,58,58,68,68,68,68,,,,,72.48,72.48,72.48,72.48,C+,C+,C+,C+
,,,,webcourses.ucf.edu,EEL3801C-18Fall 0M02,0.5,3,3,22.17,7.5,79.83,N/A,67.33,0,,7.5,66.6,81.1,21.67,7,,75.87,,N/A,,1,1,,N/A,0.5,3,0.5,,2,5,0.5,N/A,,,3,1,82.87,,77.95,83.56,86,N/A,0,1,,,1,,,,,,,,,87.25,87.25,72.36,72.36,69.32,69.32,69.32,69.32,77.95,77.95,77.95,77.95,83.56,83.56,83.56,83.56,86,86,86,86,79.83,79.83,79.83,79.83,81.1,81.1,81.1,81.1,82.87,82.87,82.87,82.87,88.67,88.67,88.67,88.67,0,0,0,0,86.69,86.69,86.69,86.69,,,,,77.08,77.08,77.08,77.08,B,B,B,B
,,,,webcourses.ucf.edu,EEL3801C-18Fall 0M01,0.5,5,,19.83,6.5,63,,51.5,22.5,1,4.3,57.93,69.23,18.67,6,,46.93,,3,1,,1,,2,0,N/A,,,,N/A,N/A,2,1.3,,N/A,1,52.93,,84.91,88.56,92,2,2,0,2,1,1,,,,,,,,,76.49,76.49,57.52,57.52,52.56,52.56,52.56,52.56,84.91,84.91,84.91,84.91,88.56,88.56,88.56,88.56,92,92,92,92,63,63,63,63,69.23,69.23,69.23,69.23,52.93,52.93,52.93,52.93,79.33,79.33,79.33,79.33,90,90,90,90,74.68,74.68,74.68,74.68,,,,,71.11,71.11,71.11,71.11,C+,C+,C+,C+
,,,,webcourses.ucf.edu,EEL3801C-18Fall 0M01,0.5,6,,18.67,5,69.67,,59.67,12.5,1,6.4,62.13,75.53,27,5,,59.8,,3,1,,,0.5,,,N/A,,,,N/A,N/A,4,1.4,1,N/A,0,64.8,,68.67,85.09,96,3,0,0,,,1,,,,,,,,,70.99,70.99,50.08,50.08,61.11,61.11,61.11,61.11,68.67,68.67,68.67,68.67,85.09,85.09,85.09,85.09,96,96,96,96,69.67,69.67,69.67,69.67,75.53,75.53,75.53,75.53,64.8,64.8,64.8,64.8,74.67,74.67,74.67,74.67,50,50,50,50,108,108,108,108,,,,,74.59,74.59,74.59,74.59,B-,B-,B-,B-
,,,,webcourses.ucf.edu,EEL3801C-18Fall 0M02,0.5,5,3,25,7,103.5,N/A,91.5,25,1,15.4,89.47,111.87,25,7,,85.27,1,N/A,0.5,1,0,0.5,N/A,0.5,2,0,2,2,5,3,N/A,1.4,1,3,0,92.27,,94.99,96.67,102,N/A,0,2,,1,1,,,,,,,,,99.67,99.67,98.05,98.05,88.35,88.35,88.35,88.35,94.99,94.99,94.99,94.99,96.67,96.67,96.67,96.67,102,102,102,102,103.5,103.5,103.5,103.5,111.87,111.87,111.87,111.87,92.27,92.27,92.27,92.27,100,100,100,100,100,100,100,100,100,100,100,100,,,,,101.21,101.21,101.21,101.21,A,A,A,A
,,,,webcourses.ucf.edu,EEL3801C-18Fall 0M02,0.5,6,3,25,8.5,69.33,N/A,55.83,21,1,11,75.34,93.33,29,8,,0,1,N/A,1,0,1,0.5,N/A,0.5,3,0,,2,5,2,N/A,0,1,3,1,8,,89.12,87.47,110,N/A,0,1,2,1,1,,,,,,,,,98.29,98.29,93.5,93.5,44.68,44.68,44.68,44.68,89.12,89.12,89.12,89.12,87.47,87.47,87.47,87.47,110,110,110,110,69.33,69.33,69.33,69.33,93.33,93.33,93.33,93.33,8,8,8,8,100,100,100,100,84,84,84,84,116,116,116,116,,,,,73.52,73.52,73.52,73.52,B-,B-,B-,B-
,,,,webcourses.ucf.edu,EEL3801C-18Fall 0M02,0.5,6,2,10.5,4,88,N/A,79,19,1,12,68.94,87.93,21,5,,50.57,0,N/A,1,1,0,0.5,N/A,,,,1,2,4,2,N/A,2,1,2,,55.57,,92,90.66,109,N/A,0,0,2,,1,,,,,,,,,78.38,78.38,70.73,70.73,66.61,66.61,66.61,66.61,92,92,92,92,90.66,90.66,90.66,90.66,109,109,109,109,88,88,88,88,87.93,87.93,87.93,87.93,55.57,55.57,55.57,55.57,42,42,42,42,76,76,76,76,84,84,84,84,,,,,79.44,79.44,79.44,79.44,B,B,B,B
,,,,webcourses.ucf.edu,EEL3801C-18Fall 0M02,0.5,5,2,11.17,2.5,60.17,N/A,52.67,14.5,,4,68.93,79.93,20,3,,51.8,0,N/A,,0,,0,N/A,,,,,,,3,N/A,1,0,2,0,54.8,,95,87.95,102,N/A,0,2,,,1,,,,,,,,,45.05,45.05,33.33,33.33,58.11,58.11,58.11,58.11,95,95,95,95,87.95,87.95,87.95,87.95,102,102,102,102,60.17,60.17,60.17,60.17,79.93,79.93,79.93,79.93,54.8,54.8,54.8,54.8,44.67,44.67,44.67,44.67,58,58,58,58,80,80,80,80,,,,,70.23,70.23,70.23,70.23,C+,C+,C+,C+
,,,,webcourses.ucf.edu,EEL3801C-18Fall 0M02,0,6,5,11.67,9.5,83,N/A,68.5,16,,9,51.83,67.83,0,4,,38.6,1,N/A,0.5,1,1,0.5,N/A,0.5,2.5,0.5,,2,4,2,N/A,,0,2,0,42.6,,88.24,91.56,100,N/A,0,0,,,,,,,,,,,,84.11,84.11,73.17,73.17,53.72,53.72,53.72,53.72,88.24,88.24,88.24,88.24,91.56,91.56,91.56,91.56,100,100,100,100,83,83,83,83,67.83,67.83,67.83,67.83,42.6,42.6,42.6,42.6,46.67,46.67,46.67,46.67,64,64,64,64,0,0,0,0,,,,,64.89,64.89,64.89,64.89,C,C,C,C
,,,,webcourses.ucf.edu,EEL3801C-18Fall 0M02,0.5,7,,21,0.5,87.17,N/A,81.67,25,1,1,50,58,22,1,,71.93,,N/A,,,,,N/A,,,,,,,,N/A,,,,,72.93,,78.13,84.33,95,N/A,0,0,2,,1,,,,,,,,,19.7,19.7,10.57,10.57,68.6,68.6,68.6,68.6,78.13,78.13,78.13,78.13,84.33,84.33,84.33,84.33,95,95,95,95,87.17,87.17,87.17,87.17,58,58,58,58,72.93,72.93,72.93,72.93,84,84,84,84,100,100,100,100,88,88,88,88,,,,,79.17,79.17,79.17,79.17,B,B,B,B
,,,,webcourses.ucf.edu,EEL3801C-18Fall 0M02,0.5,7,,18.5,3,65.13,N/A,57.13,23,1,2,58.6,67.6,14.67,3,,81.97,1,N/A,0.5,,1,,N/A,,2,,,,,,N/A,,,,1,84.97,,79.32,59.2,87,N/A,0,0,,,1,,,,,,,,,39.74,39.74,25.2,25.2,66.68,66.68,66.68,66.68,79.32,79.32,79.32,79.32,59.2,59.2,59.2,59.2,87,87,87,87,65.13,65.13,65.13,65.13,67.6,67.6,67.6,67.6,84.97,84.97,84.97,84.97,74,74,74,74,92,92,92,92,58.68,58.68,58.68,58.68,,,,,73.6,73.6,73.6,73.6,B-,B-,B-,B-
,,,,webcourses.ucf.edu,EEL3801C-18Fall 0M02,0.5,5,,15,3.5,88.5,N/A,80,25,1,9.5,61.8,78.3,23.67,6,,62.07,1,N/A,,,1,,N/A,0.5,2,0.5,0.5,,4,2,N/A,1,,3,,68.07,,89.66,74.73,93,N/A,0,1,2,1,1,,,,,,,,,79.41,79.41,65.85,65.85,68.03,68.03,68.03,68.03,89.66,89.66,89.66,89.66,74.73,74.73,74.73,74.73,93,93,93,93,88.5,88.5,88.5,88.5,78.3,78.3,78.3,78.3,68.07,68.07,68.07,68.07,60,60,60,60,100,100,100,100,94.68,94.68,94.68,94.68,,,,,81.12,81.12,81.12,81.12,B+,B+,B+,B+
,,,,webcourses.ucf.edu,EEL3801C-18Fall 0M01,0.5,5.67,,24,2.43,75.93,4,68.5,10.5,,12.5,70.27,89.77,16.83,4.33,,60.03,1,,,,1,,1.43,0.5,N/A,,1.5,2,N/A,N/A,2,2,0.33,N/A,0,64.36,,94.67,90.56,98,2,0,0,,,1,,,,,,,,,72.42,72.42,58.95,58.95,66.6,66.6,66.6,66.6,94.67,94.67,94.67,94.67,90.56,90.56,90.56,90.56,98,98,98,98,75.93,75.93,75.93,75.93,89.77,89.77,89.77,89.77,64.36,64.36,64.36,64.36,96,96,96,96,42,42,42,42,67.32,67.32,67.32,67.32,,,,,78.62,78.62,78.62,78.62,B,B,B,B
,,,,webcourses.ucf.edu,EEL3801C-18Fall 0M01,0.5,6,,24,3,63.67,4,55.67,17,,8,51.6,66.6,16.67,3,,31.93,,,,,0,,2,0.5,N/A,0,1,2,N/A,N/A,1,0,0,N/A,0,34.93,,93.33,88.02,100,2,0,0,,,1,,,,,,,,,52.88,52.88,42.64,42.64,47.3,47.3,47.3,47.3,93.33,93.33,93.33,93.33,88.02,88.02,88.02,88.02,100,100,100,100,63.67,63.67,63.67,63.67,66.6,66.6,66.6,66.6,34.93,34.93,34.93,34.93,96,96,96,96,68,68,68,68,66.68,66.68,66.68,66.68,,,,,67.25,67.25,67.25,67.25,C+,C+,C+,C+
,,,,webcourses.ucf.edu,EEL3801C-18Fall 0M02,0,7,,0,0,84.67,N/A,79.67,24,,0,78.27,85.27,0,0,,0,,N/A,0,,,,N/A,,,,,,,,N/A,,,,,0,,60.67,41.85,30,N/A,0,0,,,,,,,,,,,,0,0,0,0,53.72,53.72,53.72,53.72,60.67,60.67,60.67,60.67,41.85,41.85,41.85,41.85,30,30,30,30,84.67,84.67,84.67,84.67,85.27,85.27,85.27,85.27,0,0,0,0,0,0,0,0,96,96,96,96,0,0,0,0,,,,,48.75,48.75,48.75,48.75,F,F,F,F
,,,,webcourses.ucf.edu,EEL3801C-18Fall 0M01,0.5,4.67,,16.17,6.5,72.5,4,61,20,1,12,41.86,60.86,14.33,3,,20.82,1,3,0,0,0,0.5,2,0.5,N/A,,0,2,N/A,N/A,2,2,,N/A,0,23.82,,86.29,77.66,80,2,0,0,2,,1,,,,,,,,,76.72,76.72,68.99,68.99,41.81,41.81,41.81,41.81,86.29,86.29,86.29,86.29,77.66,77.66,77.66,77.66,80,80,80,80,72.5,72.5,72.5,72.5,60.86,60.86,60.86,60.86,23.82,23.82,23.82,23.82,64.68,64.68,64.68,64.68,80,80,80,80,57.32,57.32,57.32,57.32,,,,,61.06,61.06,61.06,61.06,C,C,C,C
,,,,webcourses.ucf.edu,EEL3801C-18Fall 0M01,0.5,5,,14.17,7.5,66,,53.5,20,1,5.4,68.33,80.73,14.2,1,,0,1,5,1,,,0.5,,0.5,N/A,,,,N/A,N/A,2,1.4,,N/A,,1,,85.63,77.1,71,,0,1,2,,1,,,,,,,,,70.47,70.47,46.98,46.98,41.31,41.31,41.31,41.31,85.63,85.63,85.63,85.63,77.1,77.1,77.1,77.1,71,71,71,71,66,66,66,66,80.73,80.73,80.73,80.73,1,1,1,1,56.67,56.67,56.67,56.67,80,80,80,80,56.8,56.8,56.8,56.8,,,,,57.81,57.81,57.81,57.81,D-,D-,D-,D-
,,,,webcourses.ucf.edu,EEL3801C-18Fall 0M02,0,6,3,22.17,6.5,95.83,N/A,84.33,0,0,7,0,0,7.33,3,,0,1,N/A,,1,1,,N/A,0.5,3,,,,4,2,N/A,,,,,3,,75.33,24.67,0,N/A,0,0,,,1,,,,,,,,,69.47,69.47,53.66,53.66,29.42,29.42,29.42,29.42,75.33,75.33,75.33,75.33,24.67,24.67,24.67,24.67,0,0,0,0,95.83,95.83,95.83,95.83,0,0,0,0,3,3,3,3,88.67,88.67,88.67,88.67,0,0,0,0,29.32,29.32,29.32,29.32,,,,,33.13,33.13,33.13,33.13,F,F,F,F
,,,,webcourses.ucf.edu,EEL3801C-18Fall 0M02,0.5,4.67,3,19.33,5.5,85,N/A,74.5,19.5,1,6,51.33,64.33,12,4,,75.97,0,N/A,,,,0,N/A,,2,0,1,0,4,,N/A,,1,2,0,79.97,,80.94,88.39,81,N/A,0,0,2,,1,,,,,,,,,62.5,62.5,52.85,52.85,67.25,67.25,67.25,67.25,80.94,80.94,80.94,80.94,88.39,88.39,88.39,88.39,81,81,81,81,85,85,85,85,64.33,64.33,64.33,64.33,79.97,79.97,79.97,79.97,77.33,77.33,77.33,77.33,78,78,78,78,48,48,48,48,,,,,76.14,76.14,76.14,76.14,B,B,B,B
,,,,webcourses.ucf.edu,EEL3801C-18Fall 0M01,0.5,3,,12.83,5,66.33,4,56.33,15.5,1,9.45,72.27,88.72,19.8,5,,46.6,0,3,1,1,1,0.5,,,N/A,0,1,1,N/A,N/A,2,0.45,1,N/A,,51.6,,68.8,84.64,94,,1,0,,1,1,,,,,,,,,71.64,71.64,61.09,61.09,58.05,58.05,58.05,58.05,68.8,68.8,68.8,68.8,84.64,84.64,84.64,84.64,94,94,94,94,66.33,66.33,66.33,66.33,88.72,88.72,88.72,88.72,51.6,51.6,51.6,51.6,51.33,51.33,51.33,51.33,62,62,62,62,79.2,79.2,79.2,79.2,,,,,71.06,71.06,71.06,71.06,C+,C+,C+,C+
,,,,webcourses.ucf.edu,EEL3801C-18Fall 0M02,0,6,,16.5,4,93.67,N/A,84.67,24,1,10.4,66.67,84.07,22.67,3,,46.07,1,N/A,1,,,,N/A,0,3,0,,2,4,2,N/A,0.4,,3,,49.07,,88.11,88.13,91,N/A,0,1,,,,,,,,,,,,73.06,73.06,58.21,58.21,66.25,66.25,66.25,66.25,88.11,88.11,88.11,88.11,88.13,88.13,88.13,88.13,91,91,91,91,93.67,93.67,93.67,93.67,84.07,84.07,84.07,84.07,49.07,49.07,49.07,49.07,66,66,66,66,96,96,96,96,90.68,90.68,90.68,90.68,,,,,80.07,80.07,80.07,80.07,B+,B+,B+,B+
,,,,webcourses.ucf.edu,EEL3801C-18Fall 0M02,0,5,,18.67,0,69,N/A,64,16,1,8,63.6,78.6,26.6,3,,70.47,1,N/A,0,1,0,0,N/A,0,,,1,1,,3,N/A,1,,,0,73.47,,83.02,96.27,107,N/A,0,1,3,1,1,,,,,,,,,54.17,54.17,42.28,42.28,66.15,66.15,66.15,66.15,83.02,83.02,83.02,83.02,96.27,96.27,96.27,96.27,107,107,107,107,69,69,69,69,78.6,78.6,78.6,78.6,73.47,73.47,73.47,73.47,74.67,74.67,74.67,74.67,64,64,64,64,106.4,106.4,106.4,106.4,,,,,80.01,80.01,80.01,80.01,B+,B+,B+,B+
,,,,webcourses.ucf.edu,EEL3801C-18Fall 0M01,0,6,,25,1.08,93.08,4,87,7,1,9,47.6,63.6,11.17,2,,35.77,0,,,,,0.5,0.33,0,N/A,0.25,1,2,N/A,N/A,,1,,N/A,,37.77,,89.89,66.57,30,,0,0,,1,1,,,,,,,,,49.82,49.82,37.46,37.46,57.45,57.45,57.45,57.45,89.89,89.89,89.89,89.89,66.57,66.57,66.57,66.57,30,30,30,30,93.08,93.08,93.08,93.08,63.6,63.6,63.6,63.6,37.77,37.77,37.77,37.77,100,100,100,100,28,28,28,28,44.68,44.68,44.68,44.68,,,,,61.96,61.96,61.96,61.96,C,C,C,C
,,,,webcourses.ucf.edu,EEL3801C-18Fall 0M02,0,,,0,0,89,N/A,84,21.5,1,1,55.33,63.33,14.67,0,,49.2,,N/A,,,,,N/A,,,,,,,,N/A,,,,,49.2,,93.46,90.74,91,N/A,0,0,,,,,,,,,,,,6.25,6.25,3.25,3.25,62.84,62.84,61.41,61.41,93.46,93.46,93.46,93.46,90.74,90.74,90.74,90.74,91,91,91,91,89,89,89,89,63.33,63.33,63.33,63.33,49.2,49.2,49.2,49.2,0,0,0,0,86,86,86,86,58.68,58.68,58.68,58.68,,,,,68.26,68.26,68.26,68.26,C+,C+,C+,C+
,,,,webcourses.ucf.edu,EEL3801C-18Fall 0M01,0.5,5,,22.17,7,66.83,4,54.83,18.5,1,12.75,52.3,72.05,24.33,4,,58.23,1,3,0,0,0,0.5,2,0.5,N/A,0.5,0.5,2,N/A,N/A,3,1.25,0,N/A,1,62.23,,90.09,89.81,83,2,2,0,2,,1,,,,,,,,,85.71,85.71,79.07,79.07,55.49,55.49,55.49,55.49,90.09,90.09,90.09,90.09,89.81,89.81,89.81,89.81,83,83,83,83,66.83,66.83,66.83,66.83,72.05,72.05,72.05,72.05,62.23,62.23,62.23,62.23,88.67,88.67,88.67,88.67,74,74,74,74,97.32,97.32,97.32,97.32,,,,,74.99,74.99,74.99,74.99,B-,B-,B-,B-
,,,,webcourses.ucf.edu,EEL3801C-18Fall 0M02,0.5,6,3,25,6.5,45.57,N/A,34.07,14,1,9,67.47,83.47,14.33,8,,64.67,,N/A,0.5,1,1,0.5,N/A,0.5,1.5,0,2,2,4,,N/A,,1,2,1,72.67,,87.57,84.25,76,N/A,0,1,2,1,1,,,,,,,,,89.19,89.19,80.49,80.49,56.09,56.09,56.09,56.09,87.57,87.57,87.57,87.57,84.25,84.25,84.25,84.25,76,76,76,76,45.57,45.57,45.57,45.57,83.47,83.47,83.47,83.47,72.67,72.67,72.67,72.67,100,100,100,100,56,56,56,56,57.32,57.32,57.32,57.32,,,,,70.93,70.93,70.93,70.93,C+,C+,C+,C+
,,,,webcourses.ucf.edu,EEL3801C-18Fall 0M02,0.5,5,3,23,8.75,113.75,N/A,100,24,1,16,68,91,27,9,,71.47,1,N/A,1,1,1,0.5,N/A,0.5,3,0.25,2,2,6,2,N/A,2,1,3,1,80.47,,100,97.48,108,N/A,0,0,,1,1,,,,,,,,,110.74,110.74,108.94,108.94,79.63,79.63,79.63,79.63,100,100,100,100,97.48,97.48,97.48,97.48,108,108,108,108,113.75,113.75,113.75,113.75,91,91,91,91,80.47,80.47,80.47,80.47,92,92,92,92,96,96,96,96,108,108,108,108,,,,,97.25,97.25,97.25,97.25,A,A,A,A
,,,,webcourses.ucf.edu,EEL3801C-18Fall 0M01,0,6,,11.33,5.5,61.17,4,50.67,15.5,1,10.25,38.4,55.65,0,3,,0,,2,0.5,,0,,2,0.5,N/A,0.5,2,1,N/A,N/A,2,0.25,1,N/A,0,3,,4,0,0,2,0,0,,,,,,,,,,,,66.96,66.96,58.14,58.14,30.97,30.97,30.97,30.97,4,4,4,4,0,0,0,0,0,0,0,0,61.17,61.17,61.17,61.17,55.65,55.65,55.65,55.65,3,3,3,3,45.33,45.33,45.33,45.33,62,62,62,62,0,0,0,0,,,,,31.32,31.32,31.32,31.32,F,F,F,F
,,,,webcourses.ucf.edu,EEL3801C-18Fall 0M01,0.5,5,,21.67,5.5,73,,62.5,14,1,3.5,56.33,66.83,17.5,3,,53.4,0,4,0,0,,0.5,,,N/A,0.5,0.5,,N/A,N/A,2,0,0,N/A,0,56.4,,91.61,75.33,103,2,0,0,2,,1,,,,,,,,,51,51,39.53,39.53,57.73,57.73,57.73,57.73,91.61,91.61,91.61,91.61,75.33,75.33,75.33,75.33,103,103,103,103,73,73,73,73,66.83,66.83,66.83,66.83,56.4,56.4,56.4,56.4,86.67,86.67,86.67,86.67,56,56,56,56,70,70,70,70,,,,,71.52,71.52,71.52,71.52,C+,C+,C+,C+
,,,,webcourses.ucf.edu,EEL3801C-18Fall 0M01,0.5,7,,22.67,7.5,98.3,4,85.8,25,1,11,71.13,89.13,27,8,,74.5,1,4,0.5,1,1,0,2,0.5,N/A,0,0,1,N/A,N/A,2,2,1,N/A,0,82.5,,98.67,98.13,99,3,0,0,,1,1,,,,,,,,,86.78,86.78,81.4,81.4,77.67,77.67,77.67,77.67,98.67,98.67,98.67,98.67,98.13,98.13,98.13,98.13,99,99,99,99,98.3,98.3,98.3,98.3,89.13,89.13,89.13,89.13,82.5,82.5,82.5,82.5,90.67,90.67,90.67,90.67,100,100,100,100,108,108,108,108,,,,,93.63,93.63,93.63,93.63,A,A,A,A
,,,,webcourses.ucf.edu,EEL3801C-18Fall 0M01,0,,,18.67,5.36,72.29,5,61.93,13.5,1,16,79.73,102.73,23.67,8,,57.4,1,1,1,1,1,0.5,1.86,0.5,N/A,0.5,2,2,N/A,N/A,3,2,,N/A,1,65.4,,86.25,88.48,82,3,0,0,2,1,1,,,,,,,,,102.05,102.05,94.14,94.14,66.36,66.36,64.84,64.84,86.25,86.25,86.25,86.25,88.48,88.48,88.48,88.48,82,82,82,82,72.29,72.29,72.29,72.29,102.73,102.73,102.73,102.73,65.4,65.4,65.4,65.4,74.67,74.67,74.67,74.67,54,54,54,54,94.68,94.68,94.68,94.68,,,,,80.05,80.05,80.05,80.05,B+,B+,B+,B+
,,,,webcourses.ucf.edu,EEL3801C-18Fall 0M02,0.5,6,3,17,7.75,97.55,N/A,84.8,25,1,12,73.34,92.33,21.67,4,,69.57,0,N/A,1,1,1,0.5,N/A,0.5,2,0.25,,2,5,2,N/A,2,,,,73.57,,93.95,97.64,102,N/A,0,2,3,1,1,,,,,,,,,95.41,95.41,84.55,84.55,76.13,76.13,76.13,76.13,93.95,93.95,93.95,93.95,97.64,97.64,97.64,97.64,102,102,102,102,97.55,97.55,97.55,97.55,92.33,92.33,92.33,92.33,73.57,73.57,73.57,73.57,68,68,68,68,100,100,100,100,86.68,86.68,86.68,86.68,,,,,89.37,89.37,89.37,89.37,A,A,A,A
,,,,webcourses.ucf.edu,EEL3801C-18Fall 0M02,0.5,5,3,21,7.5,74.5,N/A,62,17,1,12.75,56.84,76.58,25.67,6,,62.52,1,N/A,1,1,1,0.5,N/A,0.5,1.5,0.5,2,2,4,2,N/A,0.75,,2,0,68.35,,86.6,85.56,94,N/A,0,0,3,1,1,,,,,,,,,87.39,87.39,89.43,89.43,60.7,60.7,60.7,60.7,86.6,86.6,86.6,86.6,85.56,85.56,85.56,85.56,94,94,94,94,74.5,74.5,74.5,74.5,76.58,76.58,76.58,76.58,68.35,68.35,68.35,68.35,84,84,84,84,68,68,68,68,102.69,102.69,102.69,102.69,,,,,78.71,78.71,78.71,78.71,B,B,B,B
,,,,webcourses.ucf.edu,EEL3801C-18Fall 0M02,0.5,5,4,22.17,9,92,N/A,78,23,1,13,77.47,97.47,17,7,,72.53,1,N/A,0.5,0,1,0.5,N/A,0.5,3,0,1,2,4,3,N/A,1,1,3,0,79.53,,93.15,96.52,105,N/A,0,1,2,1,1,,,,,,,,,100,100,98.37,98.37,75.9,75.9,75.9,75.9,93.15,93.15,93.15,93.15,96.52,96.52,96.52,96.52,105,105,105,105,92,92,92,92,97.47,97.47,97.47,97.47,79.53,79.53,79.53,79.53,88.67,88.67,88.67,88.67,92,92,92,92,68,68,68,68,,,,,90.2,90.2,90.2,90.2,A,A,A,A
,,,,webcourses.ucf.edu,EEL3801C-18Fall 0M01,0.5,4.33,,18,2.36,62.19,4,54.83,19,1,11.5,48.73,67.23,9.33,5,,40.73,,,,1,0,0.5,0.86,0.5,N/A,0,1.5,2,N/A,N/A,2,1,1,N/A,0,45.73,,64.51,63.2,68,2,1,0,,,1,,,,,,,,,70.12,70.12,59.25,59.25,48.41,48.41,48.41,48.41,64.51,64.51,64.51,64.51,63.2,63.2,63.2,63.2,68,68,68,68,62.19,62.19,62.19,62.19,67.23,67.23,67.23,67.23,45.73,45.73,45.73,45.73,72,72,72,72,76,76,76,76,37.32,37.32,37.32,37.32,,,,,60.48,60.48,60.48,60.48,C,C,C,C
,,,,webcourses.ucf.edu,EEL3801C-18Fall 0M02,0.5,6,,20.33,0.5,86.83,N/A,81.33,20,,0,76.17,83.17,0,0,,0,,N/A,,,,,N/A,,,,,,,,N/A,,,,,0,,81.35,70.18,0,N/A,0,0,,,,,,,,,,,,1.61,1.61,0.81,0.81,53.26,53.26,53.26,53.26,81.35,81.35,81.35,81.35,70.18,70.18,70.18,70.18,0,0,0,0,86.83,86.83,86.83,86.83,83.17,83.17,83.17,83.17,0,0,0,0,81.33,81.33,81.33,81.33,80,80,80,80,0,0,0,0,,,,,53.74,53.74,53.74,53.74,F,F,F,F
,,,,webcourses.ucf.edu,EEL3801C-18Fall 0M02,0,,4,22.17,8.25,83.25,N/A,70,20.5,,13.8,76.13,96.93,10.3,5.33,,53.57,1,N/A,1,1,0,0.5,N/A,0,2.5,0.25,2,2,6,2,N/A,0.8,0.33,2,0,58.9,,89.3,89.57,83,N/A,0,2,,1,1,,,,,,,,,95.4,95.4,92.3,92.3,66.57,66.57,65.05,65.05,89.3,89.3,89.3,89.3,89.57,89.57,89.57,89.57,83,83,83,83,83.25,83.25,83.25,83.25,96.93,96.93,96.93,96.93,58.9,58.9,58.9,58.9,88.67,88.67,88.67,88.67,82,82,82,82,41.2,41.2,41.2,41.2,,,,,79.32,79.32,79.32,79.32,B,B,B,B
,,,,webcourses.ucf.edu,EEL3801C-18Fall 0M01,0.5,6,,23.5,9,94.33,5,80.33,25,1,11,80.43,98.43,27.5,7,,69.27,1,4,1,0,1,0.5,2,0.5,N/A,0.5,2,2,N/A,N/A,,,,N/A,1,76.27,,92.13,87.99,119,3,0,0,2,1,1,,,,,,,,,100,100,86.05,86.05,76.88,76.88,76.88,76.88,92.13,92.13,92.13,92.13,87.99,87.99,87.99,87.99,119,119,119,119,94.33,94.33,94.33,94.33,98.43,98.43,98.43,98.43,76.27,76.27,76.27,76.27,94,94,94,94,100,100,100,100,110,110,110,110,,,,,94.37,94.37,94.37,94.37,A,A,A,A
,,,,webcourses.ucf.edu,EEL3801C-18Fall 0M01,0.5,7,,24.5,10,101.67,5,86.67,22,1,7,77.67,91.67,16.67,1,,63.53,,5,1,,,,3,0.5,N/A,,1,,N/A,N/A,,,,N/A,,64.53,,79.33,78,70,,0,0,,1,,,,,,,,,,78.02,78.02,55.04,55.04,76.5,76.5,76.5,76.5,79.33,79.33,79.33,79.33,78,78,78,78,70,70,70,70,101.67,101.67,101.67,101.67,91.67,91.67,91.67,91.67,64.53,64.53,64.53,64.53,98,98,98,98,88,88,88,88,66.68,66.68,66.68,66.68,,,,,83.45,83.45,83.45,83.45,A-,A-,A-,A-
,,,,webcourses.ucf.edu,EEL3801C-18Fall 0M01,0.5,6,,25,7.5,58.83,,46.33,6.5,1,1,50.67,58.67,14,2,,32.72,,3,0,,,0.5,3,0.5,N/A,,,,N/A,N/A,,,,N/A,,34.72,,91.97,82.71,92,,0,0,,1,1,,,,,,,,,50,50,31.78,31.78,44.21,44.21,44.21,44.21,91.97,91.97,91.97,91.97,82.71,82.71,82.71,82.71,92,92,92,92,58.83,58.83,58.83,58.83,58.67,58.67,58.67,58.67,34.72,34.72,34.72,34.72,100,100,100,100,26,26,26,26,56,56,56,56,,,,,60.33,60.33,60.33,60.33,C,C,C,C
,,,,webcourses.ucf.edu,EEL3801C-18Fall 0M02,0.5,5,3,14.5,7.5,90,N/A,76.5,23,1,14.6,64.33,85.93,19,7,,44.43,1,N/A,1,1,1,0.5,N/A,0,2.5,0,1,2,5,3,N/A,1.6,1,2,1,51.43,,88.25,80.22,78,N/A,0,1,2,,1,,,,,,,,,102.02,102.02,98.7,98.7,61.98,61.98,61.98,61.98,88.25,88.25,88.25,88.25,80.22,80.22,80.22,80.22,78,78,78,78,90,90,90,90,85.93,85.93,85.93,85.93,51.43,51.43,51.43,51.43,58,58,58,58,92,92,92,92,76,76,76,76,,,,,76.81,76.81,76.81,76.81,B,B,B,B
,,,,webcourses.ucf.edu,EEL3801C-18Fall 0M02,0,6,3,21,5.5,68.5,N/A,58,23.5,1,6.25,56.93,70.18,14.33,8,,79.23,1,N/A,1,1,1,0,N/A,0,1.5,0,1,,,2,N/A,1.25,1,3,,87.23,,85.32,90.29,104,N/A,0,2,2,1,1,,,,,,,,,81.31,81.31,70.73,70.73,65.2,65.2,65.2,65.2,85.32,85.32,85.32,85.32,90.29,90.29,90.29,90.29,104,104,104,104,68.5,68.5,68.5,68.5,70.18,70.18,70.18,70.18,87.23,87.23,87.23,87.23,84,84,84,84,94,94,94,94,57.32,57.32,57.32,57.32,,,,,79.78,79.78,79.78,79.78,B,B,B,B
,,,,webcourses.ucf.edu,EEL3801C-18Fall 0M02,0,6.67,4,16.5,5.5,85.83,N/A,75.33,22,,11.25,77.47,95.72,0,9,,61.1,1,N/A,1,1,1,0.5,N/A,0,,,1,1,4,3,N/A,1.25,1,4,,70.1,,62.42,89.69,91,N/A,0,1,,1,1,,,,,,,,,93.75,93.75,85.37,85.37,71.85,71.85,71.85,71.85,62.42,62.42,62.42,62.42,89.69,89.69,89.69,89.69,91,91,91,91,85.83,85.83,85.83,85.83,95.72,95.72,95.72,95.72,70.1,70.1,70.1,70.1,66,66,66,66,88,88,88,88,0,0,0,0,,,,,77.28,77.28,77.28,77.28,B,B,B,B
,,,,webcourses.ucf.edu,EEL3801C-18Fall 0M02,0,6,4,21.67,5.5,95,N/A,84.5,18,1,1,47.9,55.9,21.67,5,,69.93,,N/A,0.5,1,0,0.5,N/A,0.5,,,,,,,N/A,,1,2,,74.93,,87.68,81.84,83,N/A,0,2,,1,,,,,,,,,,58.14,58.14,40.65,40.65,67.86,67.86,67.86,67.86,87.68,87.68,87.68,87.68,81.84,81.84,81.84,81.84,83,83,83,83,95,95,95,95,55.9,55.9,55.9,55.9,74.93,74.93,74.93,74.93,86.67,86.67,86.67,86.67,72,72,72,72,86.68,86.68,86.68,86.68,,,,,78.28,78.28,78.28,78.28,B,B,B,B
,,,,webcourses.ucf.edu,EEL3801C-18Fall 0M01,0.5,3.67,,22.67,6.5,79.17,4,67.67,22.5,1,12,69.83,88.83,19.33,4,,71.03,,2,0.5,1,,,3,0.5,N/A,,2,1,N/A,N/A,3,1,1,N/A,,75.03,,95.41,91.86,109,,1,0,2,1,1,,,,,,,,,87.16,87.16,73.64,73.64,69.12,69.12,69.12,69.12,95.41,95.41,95.41,95.41,91.86,91.86,91.86,91.86,109,109,109,109,79.17,79.17,79.17,79.17,88.83,88.83,88.83,88.83,75.03,75.03,75.03,75.03,90.67,90.67,90.67,90.67,90,90,90,90,77.32,77.32,77.32,77.32,,,,,85.73,85.73,85.73,85.73,A,A,A,A
,,,,webcourses.ucf.edu,EEL3801C-18Fall 0M01,0.5,7,,24.5,10,99,4,84,25,1,10,84.33,101.33,27,7,,94.2,1,4,1,1,0,0.5,4,0,N/A,0,0,1,N/A,N/A,2,1,1,N/A,,101.2,,95.43,99.47,110,4,0,0,,,1,,,,,,,,,91.45,91.45,82.95,82.95,87.79,87.79,87.79,87.79,95.43,95.43,95.43,95.43,99.47,99.47,99.47,99.47,110,110,110,110,99,99,99,99,101.33,101.33,101.33,101.33,101.2,101.2,101.2,101.2,98,98,98,98,100,100,100,100,108,108,108,108,,,,,101.25,101.25,101.25,101.25,A,A,A,A
,,,,webcourses.ucf.edu,EEL3801C-18Fall 0M01,0.5,5,,19.33,3.76,52.26,6,43.5,17.5,1,12.6,67.64,87.24,13.17,8,,46.47,1,2,0,1,1,0,0.76,0.5,N/A,0,1,1,N/A,N/A,1,1.6,1,N/A,1,54.47,,87.43,86.77,91,2,1,0,2,1,1,,,,,,,,,84.66,84.66,79.41,79.41,52.97,52.97,52.97,52.97,87.43,87.43,87.43,87.43,86.77,86.77,86.77,86.77,91,91,91,91,52.26,52.26,52.26,52.26,87.24,87.24,87.24,87.24,54.47,54.47,54.47,54.47,77.33,77.33,77.33,77.33,70,70,70,70,52.68,52.68,52.68,52.68,,,,,69.86,69.86,69.86,69.86,C+,C+,C+,C+
,,,,webcourses.ucf.edu,EEL3801C-18Fall 0M01,0.5,4.67,,22.5,4.5,85.5,4,76,17.5,,11.8,54.27,73.07,17.5,3,,59.06,1,2,1,0,0,0.5,0,0.5,N/A,0,2,2,N/A,N/A,1,1.8,0,N/A,0,62.07,,91.15,75.9,86,2,2,0,2,,1,,,,,,,,,71.97,71.97,65.27,65.27,63.19,63.19,63.19,63.19,91.15,91.15,91.15,91.15,75.9,75.9,75.9,75.9,86,86,86,86,85.5,85.5,85.5,85.5,73.07,73.07,73.07,73.07,62.07,62.07,62.07,62.07,90,90,90,90,70,70,70,70,70,70,70,70,,,,,76.22,76.22,76.22,76.22,B,B,B,B
,,,,webcourses.ucf.edu,EEL3801C-18Fall 0M02,0.5,7,2,11.83,2.5,78.23,N/A,70.73,17.5,1,1,53.17,61.17,22.67,1,,50.73,,N/A,,,,,N/A,,,,,,,,N/A,,,,,51.73,,88.67,88.44,90,N/A,0,0,,,1,,,,,,,,,23.61,23.61,13.82,13.82,59.16,59.16,59.16,59.16,88.67,88.67,88.67,88.67,88.44,88.44,88.44,88.44,90,90,90,90,78.23,78.23,78.23,78.23,61.17,61.17,61.17,61.17,51.73,51.73,51.73,51.73,47.33,47.33,47.33,47.33,70,70,70,70,90.68,90.68,90.68,90.68,,,,,69.92,69.92,69.92,69.92,C+,C+,C+,C+
,,,,webcourses.ucf.edu,EEL3801C-18Fall 0M01,0.5,5,,22.5,7,75.33,4,63.33,25,1,12,74.47,93.47,17.67,4,,53.65,1,4,0.5,0,0,0.5,1,0.5,N/A,,1,1,N/A,N/A,3,1,1,N/A,0,57.65,,87.1,90.17,95,2,2,0,2,,1,,,,,,,,,83.9,83.9,76.74,76.74,63.99,63.99,63.99,63.99,87.1,87.1,87.1,87.1,90.17,90.17,90.17,90.17,95,95,95,95,75.33,75.33,75.33,75.33,93.47,93.47,93.47,93.47,57.65,57.65,57.65,57.65,90,90,90,90,100,100,100,100,70.68,70.68,70.68,70.68,,,,,80.94,80.94,80.94,80.94,B+,B+,B+,B+
,,,,webcourses.ucf.edu,EEL3801C-18Fall 0M01,0.5,5.33,,24,10,100.17,5,85.17,22.5,1,15.25,64.47,86.72,21.6,7,,73.13,1,3,1,1,1,0.5,4,0.5,N/A,0.5,2,2,N/A,N/A,3,1.25,1,N/A,1,80.13,,97.15,91.77,82,2,0,0,,,1,,,,,,,,,107.56,107.56,99.22,99.22,74.3,74.3,74.3,74.3,97.15,97.15,97.15,97.15,91.77,91.77,91.77,91.77,82,82,82,82,100.17,100.17,100.17,100.17,86.72,86.72,86.72,86.72,80.13,80.13,80.13,80.13,96,96,96,96,90,90,90,90,86.4,86.4,86.4,86.4,,,,,89.41,89.41,89.41,89.41,A,A,A,A
,,,,webcourses.ucf.edu,EEL3801C-18Fall 0M01,0.5,5,,24.5,3.25,74.42,,66.17,0,1,1,44.9,52.9,15,0,,49.1,,,,,,0.5,2,0,N/A,0.25,,,N/A,N/A,,,,N/A,,49.1,,62,66.49,91,,0,0,,,,,,,,,,,,22.54,22.54,12.4,12.4,53.8,53.8,53.8,53.8,62,62,62,62,66.49,66.49,66.49,66.49,91,91,91,91,74.42,74.42,74.42,74.42,52.9,52.9,52.9,52.9,49.1,49.1,49.1,49.1,98,98,98,98,0,0,0,0,60,60,60,60,,,,,60.86,60.86,60.86,60.86,C,C,C,C
,,,,webcourses.ucf.edu,EEL3801C-18Fall 0M01,0.5,7,,25,9,103,5,89,25,1,13.3,72.97,93.27,28,7,,77.73,1,4,0.5,0,,0.5,3,0,N/A,0.5,1,2,N/A,N/A,2,1.3,1,N/A,1,84.73,,100,96.67,110,3,0,0,2,1,1,,,,,,,,,101.01,101.01,93.18,93.18,80.36,80.36,80.36,80.36,100,100,100,100,96.67,96.67,96.67,96.67,110,110,110,110,103,103,103,103,93.27,93.27,93.27,93.27,84.73,84.73,84.73,84.73,100,100,100,100,100,100,100,100,112,112,112,112,,,,,97.58,97.58,97.58,97.58,A,A,A,A
,,,,webcourses.ucf.edu,EEL3801C-18Fall 0M02,0.5,5,3,19.33,7,92.4,N/A,80.4,11.5,1,13,64.93,84.93,19.67,3.67,,65.67,1,N/A,0.5,0,0,0.5,N/A,0,2,0.5,1,2,5,2,N/A,1,0.67,2,0,69.34,,94.63,86.38,100,N/A,0,0,,,1,,,,,,,,,78.72,78.72,76.16,76.16,70.36,70.36,70.36,70.36,94.63,94.63,94.63,94.63,86.38,86.38,86.38,86.38,100,100,100,100,92.4,92.4,92.4,92.4,84.93,84.93,84.93,84.93,69.34,69.34,69.34,69.34,77.33,77.33,77.33,77.33,46,46,46,46,78.68,78.68,78.68,78.68,,,,,81.59,81.59,81.59,81.59,B+,B+,B+,B+
,,,,webcourses.ucf.edu,EEL3801C-18Fall 0M01,0,5,,20,4.75,74.25,,64.5,11.5,1,1,59.43,67.43,20.67,0,,59.95,,4,0.5,,,0,,,N/A,0.25,,,N/A,N/A,,,,N/A,,59.95,,100,87.56,105,,0,0,,,,,,,,,,,,31.08,31.08,17.83,17.83,61.52,61.52,61.52,61.52,100,100,100,100,87.56,87.56,87.56,87.56,105,105,105,105,74.25,74.25,74.25,74.25,67.43,67.43,67.43,67.43,59.95,59.95,59.95,59.95,80,80,80,80,46,46,46,46,82.68,82.68,82.68,82.68,,,,,73.77,73.77,73.77,73.77,B-,B-,B-,B-
,,,,webcourses.ucf.edu,EEL3801C-18Fall 0M02,0.5,7,,25,1.5,93.5,N/A,87,25,1,1,75.47,83.47,15.83,2,,73.6,,N/A,0,,,0.5,N/A,,,0.5,,0,,,N/A,,,,0,75.6,,88.92,83.58,101,N/A,2,0,2,1,1,,,,,,,,,32.05,32.05,20.33,20.33,79.18,79.18,79.18,79.18,88.92,88.92,88.92,88.92,83.58,83.58,83.58,83.58,101,101,101,101,93.5,93.5,93.5,93.5,83.47,83.47,83.47,83.47,75.6,75.6,75.6,75.6,100,100,100,100,100,100,100,100,63.32,63.32,63.32,63.32,,,,,86.45,86.45,86.45,86.45,A,A,A,A
,,,,webcourses.ucf.edu,EEL3801C-18Fall 0M01,0,7,,20.33,2.5,78.17,4,70.67,25,,7,74.93,88.93,23.6,6,,61.73,0,,,,1,,2,0.5,N/A,,1,2,N/A,N/A,,,,N/A,1,67.73,,88.98,93.73,98,4,0,0,,,,,,,,,,,,66.67,66.67,48.06,48.06,69.82,69.82,69.82,69.82,88.98,88.98,88.98,88.98,93.73,93.73,93.73,93.73,98,98,98,98,78.17,78.17,78.17,78.17,88.93,88.93,88.93,88.93,67.73,67.73,67.73,67.73,81.33,81.33,81.33,81.33,100,100,100,100,94.4,94.4,94.4,94.4,,,,,84.21,84.21,84.21,84.21,A,A,A,A
,,,,webcourses.ucf.edu,EEL3801C-18Fall 0M02,0.5,5.67,3,15.83,8,67.33,N/A,54.34,21.5,1,10,47.27,64.27,10,5,,48.22,0,N/A,1,1,0,0.5,N/A,0,3,0,0,2,4,2,N/A,1,1,2,0,53.22,,87.53,84.89,99,N/A,0,1,1,,1,,,,,,,,,79.83,79.83,77.24,77.24,50.65,50.65,50.65,50.65,87.53,87.53,87.53,87.53,84.89,84.89,84.89,84.89,99,99,99,99,67.33,67.33,67.33,67.33,64.27,64.27,64.27,64.27,53.22,53.22,53.22,53.22,63.32,63.32,63.32,63.32,86,86,86,86,40,40,40,40,,,,,67.83,67.83,67.83,67.83,C+,C+,C+,C+
,,,,webcourses.ucf.edu,EEL3801C-18Fall 0M01,0.5,6.67,,25,8.75,104.08,4,90.33,21.5,1,13,72.93,92.93,24.1,2,,46.13,0,3,1,,,0.5,3,0.5,N/A,0.25,2,2,N/A,N/A,2,2,1,N/A,,48.13,,86.19,88.09,89,,1,0,,,1,,,,,,,,,88.07,88.07,74.42,74.42,70.38,70.38,70.38,70.38,86.19,86.19,86.19,86.19,88.09,88.09,88.09,88.09,89,89,89,89,104.08,104.08,104.08,104.08,92.93,92.93,92.93,92.93,48.13,48.13,48.13,48.13,100,100,100,100,86,86,86,86,96.4,96.4,96.4,96.4,,,,,85.46,85.46,85.46,85.46,A,A,A,A
,,,,webcourses.ucf.edu,EEL3801C-18Fall 0M02,0,6,,22.67,0,96,N/A,91,19.5,,0,56.93,63.93,0,0,,82.9,,N/A,,,,,N/A,,,,,,,,N/A,,,,,82.9,,86.94,64.67,90,N/A,0,0,,,,,,,,,,,,0,0,0,0,77.14,77.14,77.14,77.14,86.94,86.94,86.94,86.94,64.67,64.67,64.67,64.67,90,90,90,90,96,96,96,96,63.93,63.93,63.93,63.93,82.9,82.9,82.9,82.9,90.67,90.67,90.67,90.67,78,78,78,78,0,0,0,0,,,,,75.89,75.89,75.89,75.89,B-,B-,B-,B-
,,,,webcourses.ucf.edu,EEL3801C-18Fall 0M01,0,,,20.33,4.5,76.83,,67.33,16,1,5,58.6,70.6,13.3,3,,44.37,,4,0.5,,,0,,,N/A,,,,N/A,N/A,3,1,,N/A,0,47.37,,78,74.02,22,2,2,0,2,,1,,,,,,,,,65.17,65.17,44.96,44.96,56.77,56.77,55.47,55.47,78,78,78,78,74.02,74.02,74.02,74.02,22,22,22,22,76.83,76.83,76.83,76.83,70.6,70.6,70.6,70.6,47.37,47.37,47.37,47.37,81.33,81.33,81.33,81.33,64,64,64,64,53.2,53.2,53.2,53.2,,,,,63.04,63.04,63.04,63.04,C,C,C,C
,,,,webcourses.ucf.edu,EEL3801C-18Fall 0M01,0.5,5,,22.67,9.25,95.75,6,81.5,25,1,14.1,87.66,108.76,29,8,,89.3,1,4,0.5,0,1,0.5,3,0.5,N/A,0.25,2,2,N/A,N/A,1,1.1,1,N/A,1,97.3,,94.81,92.83,101,3,1,0,2,1,1,,,,,,,,,107.77,107.77,101.09,101.09,85.82,85.82,85.82,85.82,94.81,94.81,94.81,94.81,92.83,92.83,92.83,92.83,101,101,101,101,95.75,95.75,95.75,95.75,108.76,108.76,108.76,108.76,97.3,97.3,97.3,97.3,90.67,90.67,90.67,90.67,100,100,100,100,116,116,116,116,,,,,100.14,100.14,100.14,100.14,A,A,A,A
,,,,webcourses.ucf.edu,EEL3801C-18Fall 0M01,0.5,5,,24,8,96,5,83,23.5,1,13.75,79.33,100.08,24.2,2.5,,53.8,1,4,0,,,0.5,2,0.5,N/A,0.5,1.5,1,N/A,N/A,3,1.25,,N/A,0,56.3,,97.33,93.99,103,2.5,0,0,,,,,,,,,,,,86.49,86.49,74.42,74.42,72.03,72.03,72.03,72.03,97.33,97.33,97.33,97.33,93.99,93.99,93.99,93.99,103,103,103,103,96,96,96,96,100.08,100.08,100.08,100.08,56.3,56.3,56.3,56.3,96,96,96,96,94,94,94,94,96.8,96.8,96.8,96.8,,,,,89.29,89.29,89.29,89.29,A,A,A,A
,,,,webcourses.ucf.edu,EEL3801C-18Fall 0M02,0.5,5,3,24.5,6.5,77.17,N/A,65.67,25,,5,61.93,73.93,18.2,8,,71.6,1,N/A,0.5,1,1,0.5,N/A,0,2,0,1,0,0,3,N/A,0,1,2,1,88.6,,94,82.82,104,N/A,0,1,2,1,1,,,,,,,,,69.75,69.75,67.48,67.48,66.51,66.51,66.51,66.51,94,94,94,94,82.82,82.82,82.82,82.82,104,104,104,104,77.17,77.17,77.17,77.17,73.93,73.93,73.93,73.93,88.6,88.6,88.6,88.6,98,98,98,98,100,100,100,100,72.8,72.8,72.8,72.8,,,,,84.82,84.82,84.82,84.82,A,A,A,A
,,,,webcourses.ucf.edu,EEL3801C-18Fall 0M02,0.5,5,,24,1,70.83,N/A,64.83,3,1,1,70.5,78.5,10.83,0,,39.68,,N/A,0.5,,,,N/A,,,,,,,,N/A,,,,,39.68,,88.2,79.23,0,N/A,0,0,,,0,,,,,,,,,10.29,10.29,5.69,5.69,58.64,58.64,58.64,58.64,88.2,88.2,88.2,88.2,79.23,79.23,79.23,79.23,0,0,0,0,70.83,70.83,70.83,70.83,78.5,78.5,78.5,78.5,39.68,39.68,39.68,39.68,96,96,96,96,12,12,12,12,43.32,43.32,43.32,43.32,,,,,57.85,57.85,57.85,57.85,D-,D-,D-,D-
,,,,webcourses.ucf.edu,EEL3801C-18Fall 0M01,0.5,7,,23,8,110,,97,20,,0,72.93,79.93,24.67,1,,91.73,,4,1,,,0.5,2,0,N/A,0,,,N/A,N/A,,,,N/A,,92.73,,89.59,79.6,99,,0,0,,,1,,,,,,,,,44.3,44.3,27.13,27.13,87.51,87.51,87.51,87.51,89.59,89.59,89.59,89.59,79.6,79.6,79.6,79.6,99,99,99,99,110,110,110,110,79.93,79.93,79.93,79.93,92.73,92.73,92.73,92.73,92,92,92,92,80,80,80,80,98.68,98.68,98.68,98.68,,,,,92.56,92.56,92.56,92.56,A,A,A,A
,,,,webcourses.ucf.edu,EEL3801C-18Fall 0M01,0.5,6,,22.17,7.5,81.33,5,68.83,15.5,1,10.9,52.6,70.5,16,2,,31.77,,3,0.5,,,0,3,0.5,N/A,,1,,N/A,N/A,3,0.9,,N/A,,33.77,,87.32,81.27,59,,0,0,3,1,1,,,,,,,,,84.9,84.9,67.13,67.13,51.86,51.86,51.86,51.86,87.32,87.32,87.32,87.32,81.27,81.27,81.27,81.27,59,59,59,59,81.33,81.33,81.33,81.33,70.5,70.5,70.5,70.5,33.77,33.77,33.77,33.77,88.67,88.67,88.67,88.67,62,62,62,62,64,64,64,64,,,,,66.21,66.21,66.21,66.21,C+,C+,C+,C+
,,,,webcourses.ucf.edu,EEL3801C-18Fall 0M02,0.5,7,,14.17,0.5,68.5,N/A,63,20,1,1,76.67,84.67,20,1,,61.23,,N/A,,,,,N/A,,,,,,,,N/A,,,,,62.23,,87.19,91.44,97,N/A,0,0,,,1,,,,,,,,,13.64,13.64,7.32,7.32,67.72,67.72,67.72,67.72,87.19,87.19,87.19,87.19,91.44,91.44,91.44,91.44,97,97,97,97,68.5,68.5,68.5,68.5,84.67,84.67,84.67,84.67,62.23,62.23,62.23,62.23,56.67,56.67,56.67,56.67,80,80,80,80,80,80,80,80,,,,,76.05,76.05,76.05,76.05,B,B,B,B
,,,,webcourses.ucf.edu,EEL3801C-18Fall 0M01,0.5,5,,21.67,5.5,95.5,5,85,22.5,1,14,29.67,50.67,14.67,6,,38.02,1,3,0.5,0,1,0.5,1,0,N/A,0,1,,N/A,N/A,4,2,1,N/A,1,44.02,,92.43,88.42,95,2,0,0,2,,1,,,,,,,,,91.3,91.3,81.4,81.4,51.36,51.36,51.36,51.36,92.43,92.43,92.43,92.43,88.42,88.42,88.42,88.42,95,95,95,95,95.5,95.5,95.5,95.5,50.67,50.67,50.67,50.67,44.02,44.02,44.02,44.02,86.67,86.67,86.67,86.67,90,90,90,90,58.68,58.68,58.68,58.68,,,,,72.15,72.15,72.15,72.15,C+,C+,C+,C+
,,,,webcourses.ucf.edu,EEL3801C-18Fall 0M01,0,6,,21.67,3.5,94.5,,86,23.5,1,4,56.93,67.93,25.5,2,,71.93,1,3,0.5,0,,0,0,0,N/A,0,,2,N/A,N/A,,,0,N/A,,73.93,,87.27,91.26,101,,2,0,2,1,1,,,,,,,,,49.46,49.46,35.66,35.66,71.94,71.94,71.94,71.94,87.27,87.27,87.27,87.27,91.26,91.26,91.26,91.26,101,101,101,101,94.5,94.5,94.5,94.5,67.93,67.93,67.93,67.93,73.93,73.93,73.93,73.93,86.67,86.67,86.67,86.67,94,94,94,94,102,102,102,102,,,,,84.96,84.96,84.96,84.96,A,A,A,A
,,,,webcourses.ucf.edu,EEL3801C-18Fall 0M02,0.5,3,4,15.33,7.5,55.67,N/A,43.17,11,1,13.3,44.56,64.86,17.5,6,,27.88,1,N/A,0,,,0,N/A,0,3,,,1,5,4,N/A,1.3,1,3,0,42.38,,82.73,75.2,87,N/A,0,1,2,1,1,,,,,,,,,100.18,100.18,91.22,91.22,38.64,38.64,38.64,38.64,82.73,82.73,82.73,82.73,75.2,75.2,75.2,75.2,87,87,87,87,55.67,55.67,55.67,55.67,64.86,64.86,64.86,64.86,42.38,42.38,42.38,42.38,61.32,61.32,61.32,61.32,44,44,44,44,70,70,70,70,,,,,60.64,60.64,60.64,60.64,C,C,C,C
,,,,webcourses.ucf.edu,EEL3801C-18Fall 0M02,0,4,3,25,5.5,96.17,N/A,85.67,25,1,12.75,70.5,90.25,27,7,,71.6,,N/A,0,,1,0.5,N/A,,2,0,1,2,5,2,N/A,1.75,1,4,0,78.6,,89.73,87.98,100,N/A,0,0,,,1,,,,,,,,,88.6,88.6,82.11,82.11,75.49,75.49,75.49,75.49,89.73,89.73,89.73,89.73,87.98,87.98,87.98,87.98,100,100,100,100,96.17,96.17,96.17,96.17,90.25,90.25,90.25,90.25,78.6,78.6,78.6,78.6,100,100,100,100,100,100,100,100,108,108,108,108,,,,,92.19,92.19,92.19,92.19,A,A,A,A
,,,,webcourses.ucf.edu,EEL3801C-18Fall 0M01,0.5,6,,22.67,9,58.33,,44.33,15,1,5.25,46.2,58.45,6,1,,13.52,,4,1,,,0.5,3,0,N/A,,,2,N/A,N/A,1,1.25,1,N/A,,14.52,,88.01,83.76,0,,0,0,,,,,,,,,,,,65.22,65.22,46.51,46.51,35.85,35.85,35.85,35.85,88.01,88.01,88.01,88.01,83.76,83.76,83.76,83.76,0,0,0,0,58.33,58.33,58.33,58.33,58.45,58.45,58.45,58.45,14.52,14.52,14.52,14.52,90.67,90.67,90.67,90.67,60,60,60,60,24,24,24,24,,,,,48.17,48.17,48.17,48.17,F,F,F,F
,,,,webcourses.ucf.edu,EEL3801C-18Fall 0M02,0.5,6,,21.67,0.5,84.67,N/A,79.17,17,,0,83.17,90.17,21.33,2,,77.83,,N/A,0,,,,N/A,,,,,,,,N/A,,,,,79.83,,92.81,92.87,99,N/A,0,0,,1,1,,,,,,,,,13.24,13.24,7.32,7.32,80.18,80.18,80.18,80.18,92.81,92.81,92.81,92.81,92.87,92.87,92.87,92.87,99,99,99,99,84.67,84.67,84.67,84.67,90.17,90.17,90.17,90.17,79.83,79.83,79.83,79.83,86.67,86.67,86.67,86.67,68,68,68,68,85.32,85.32,85.32,85.32,,,,,86,86,86,86,A,A,A,A
,,,,webcourses.ucf.edu,EEL3801C-18Fall 0M01,0,6,,15.83,5.5,93.5,,83,16,1,1,64.13,72.13,20,1,,70.73,,3,0.5,,,,2,0,N/A,,,,N/A,N/A,,,,N/A,,71.73,,65.33,57.78,0,,0,0,,1,,,,,,,,,,37.97,37.97,23.26,23.26,72.92,72.92,72.92,72.92,65.33,65.33,65.33,65.33,57.78,57.78,57.78,57.78,0,0,0,0,93.5,93.5,93.5,93.5,72.13,72.13,72.13,72.13,71.73,71.73,71.73,71.73,63.33,63.33,63.33,63.33,64,64,64,64,80,80,80,80,,,,,68.61,68.61,68.61,68.61,C+,C+,C+,C+
,,,,webcourses.ucf.edu,EEL3801C-18Fall 0M01,0.5,4,,21.5,7.5,107.5,5,95,20,1,13,80.67,100.67,15.67,5,,72.67,1,1,1,1,,1.5,3,0.5,N/A,0,2,1,N/A,N/A,2,1,,N/A,1,77.67,,87.86,87.95,98,2,0,0,3,,1,,,,,,,,,93.04,93.04,82.95,82.95,82.19,82.19,82.19,82.19,87.86,87.86,87.86,87.86,87.95,87.95,87.95,87.95,98,98,98,98,107.5,107.5,107.5,107.5,100.67,100.67,100.67,100.67,77.67,77.67,77.67,77.67,86,86,86,86,80,80,80,80,62.68,62.68,62.68,62.68,,,,,90.81,90.81,90.81,90.81,A,A,A,A
,,,,webcourses.ucf.edu,EEL3801C-18Fall 0M01,0.5,6,,16.33,0.5,83.83,,78.33,18.5,1,4,85.67,96.67,26.67,4,,82.07,1,,,1,1,,,,N/A,,,2,N/A,N/A,,,1,N/A,,86.07,,98.2,94.56,105,,0,0,3,,1,,,,,,,,,50,50,30.23,30.23,82.11,82.11,82.11,82.11,98.2,98.2,98.2,98.2,94.56,94.56,94.56,94.56,105,105,105,105,83.83,83.83,83.83,83.83,96.67,96.67,96.67,96.67,86.07,86.07,86.07,86.07,65.33,65.33,65.33,65.33,74,74,74,74,106.68,106.68,106.68,106.68,,,,,89.65,89.65,89.65,89.65,A,A,A,A
,,,,webcourses.ucf.edu,EEL3801C-18Fall 0M02,0.5,5,,16.33,0.5,87.23,N/A,81.73,14.5,,0,67.13,74.13,10.8,1,,63.43,,N/A,,,,,N/A,,,,,,,,N/A,,,,,64.43,,91.53,93.92,102,N/A,0,0,,1,,,,,,,,,,7.81,7.81,4.07,4.07,70.78,70.78,70.78,70.78,91.53,91.53,91.53,91.53,93.92,93.92,93.92,93.92,102,102,102,102,87.23,87.23,87.23,87.23,74.13,74.13,74.13,74.13,64.43,64.43,64.43,64.43,65.33,65.33,65.33,65.33,58,58,58,58,43.2,43.2,43.2,43.2,,,,,75.58,75.58,75.58,75.58,B-,B-,B-,B-
,,,,webcourses.ucf.edu,EEL3801C-18Fall 0M01,0.5,6.67,,19.33,5.33,73,,62.67,7.5,,0,68.47,75.47,16.67,1,,36.4,,3,0.5,,,0,1.33,0,N/A,0,,,N/A,N/A,,,,N/A,,37.4,,89.09,81.62,102,,0,0,2,1,,,,,,,,,,35.86,35.86,21.96,21.96,56.74,56.74,56.74,56.74,89.09,89.09,89.09,89.09,81.62,81.62,81.62,81.62,102,102,102,102,73,73,73,73,75.47,75.47,75.47,75.47,37.4,37.4,37.4,37.4,77.33,77.33,77.33,77.33,30,30,30,30,66.68,66.68,66.68,66.68,,,,,67.11,67.11,67.11,67.11,C+,C+,C+,C+
,,,,webcourses.ucf.edu,EEL3801C-18Fall 0M02,0.5,7,,19.17,2.75,84.42,N/A,76.67,16.25,1,8.5,60.17,75.67,20,5,,56.34,,N/A,0,0,,,N/A,0,2,0.25,0,2,4,1,N/A,0.5,0,3,,61.33,,71.11,76.23,64,N/A,0,0,2,1,1,,,,,,,,,62.96,62.96,55.28,55.28,65.2,65.2,65.2,65.2,71.11,71.11,71.11,71.11,76.23,76.23,76.23,76.23,64,64,64,64,84.42,84.42,84.42,84.42,75.67,75.67,75.67,75.67,61.33,61.33,61.33,61.33,76.67,76.67,76.67,76.67,65,65,65,65,80,80,80,80,,,,,73.08,73.08,73.08,73.08,B-,B-,B-,B-
,,,,webcourses.ucf.edu,EEL3801C-18Fall 0M02,0.5,6,4,20.33,7.25,92.25,N/A,80,17.5,1,14,69.73,90.73,22.67,7,,59.07,1,N/A,0.5,1,1,0.5,N/A,0,1.5,0.25,,2,5,3,N/A,2,1,3,,66.07,,87.07,82.43,76,N/A,0,1,,,1,,,,,,,,,100.88,100.88,92.68,92.68,69.97,69.97,69.97,69.97,87.07,87.07,87.07,87.07,82.43,82.43,82.43,82.43,76,76,76,76,92.25,92.25,92.25,92.25,90.73,90.73,90.73,90.73,66.07,66.07,66.07,66.07,81.33,81.33,81.33,81.33,70,70,70,70,90.68,90.68,90.68,90.68,,,,,82.16,82.16,82.16,82.16,A-,A-,A-,A-
,,,,webcourses.ucf.edu,EEL3801C-18Fall 0M02,0.5,4,3,20.5,7,63.73,N/A,51.74,15.5,1,7.4,53.93,68.33,14.3,5.67,,37.27,0,N/A,0.5,1,0,0.5,N/A,0,2,0.5,,0,4,2,N/A,0.4,0.67,2,0,42.94,,70.04,70.93,77,N/A,0,1,2,1,1,,,,,,,,,72.88,72.88,69.33,69.33,47.86,47.86,47.86,47.86,70.04,70.04,70.04,70.04,70.93,70.93,70.93,70.93,77,77,77,77,63.73,63.73,63.73,63.73,68.33,68.33,68.33,68.33,42.94,42.94,42.94,42.94,82,82,82,82,62,62,62,62,57.2,57.2,57.2,57.2,,,,,63.05,63.05,63.05,63.05,C,C,C,C
,,,,webcourses.ucf.edu,EEL3801C-18Fall 0M01,0,7,,16.67,4.5,89.33,,79.83,21.5,1,1,83.5,91.5,20,1,,74.97,,3,1,,,0.5,,,N/A,,,,N/A,N/A,,,,N/A,,75.97,,92.69,90.28,100,,0,0,,,1,,,,,,,,,34.67,34.67,20.16,20.16,79.9,79.9,79.9,79.9,92.69,92.69,92.69,92.69,90.28,90.28,90.28,90.28,100,100,100,100,89.33,89.33,89.33,89.33,91.5,91.5,91.5,91.5,75.97,75.97,75.97,75.97,66.67,66.67,66.67,66.67,86,86,86,86,80,80,80,80,,,,,85.83,85.83,85.83,85.83,A,A,A,A
,,,,webcourses.ucf.edu,EEL3801C-18Fall 0M01,0.5,6,,24,4,77.5,4,68.5,19,1,6,74.93,87.93,29,9,,70.35,,,,1,1,0.5,2,0.5,N/A,0.5,1,,N/A,N/A,,,1,N/A,1,79.35,,90.2,88.87,82,3,0,0,3,1,1,,,,,,,,,81.82,81.82,62.79,62.79,71.59,71.59,71.59,71.59,90.2,90.2,90.2,90.2,88.87,88.87,88.87,88.87,82,82,82,82,77.5,77.5,77.5,77.5,87.93,87.93,87.93,87.93,79.35,79.35,79.35,79.35,96,96,96,96,76,76,76,76,116,116,116,116,,,,,85.46,85.46,85.46,85.46,A,A,A,A
,,,,webcourses.ucf.edu,EEL3801C-18Fall 0M02,0,7,3,25,7,100,N/A,88,23,1,14,82,103,19.67,7,,75.4,,N/A,1,1,,0.5,N/A,0.5,1.5,0.5,2,2,5,2,N/A,2,1,3,1,82.4,,91.17,88.99,95,N/A,0,0,,,1,,,,,,,,,97.39,97.39,91.06,91.06,82.21,82.21,82.21,82.21,91.17,91.17,91.17,91.17,88.99,88.99,88.99,88.99,95,95,95,95,100,100,100,100,103,103,103,103,82.4,82.4,82.4,82.4,100,100,100,100,92,92,92,92,78.68,78.68,78.68,78.68,,,,,93.52,93.52,93.52,93.52,A,A,A,A
,,,,webcourses.ucf.edu,EEL3801C-18Fall 0M02,0.5,6,3,25,7.5,88.5,N/A,76,15,1,3,72.8,82.8,20.2,5,,77.6,,N/A,1,1,0,0.5,N/A,,2,0.5,2,,,,N/A,,1,,1,82.6,,88,94.75,106,N/A,0,0,2,1,1,,,,,,,,,69.15,69.15,52.85,52.85,75.7,75.7,75.7,75.7,88,88,88,88,94.75,94.75,94.75,94.75,106,106,106,106,88.5,88.5,88.5,88.5,82.8,82.8,82.8,82.8,82.6,82.6,82.6,82.6,100,100,100,100,60,60,60,60,80.8,80.8,80.8,80.8,,,,,86.35,86.35,86.35,86.35,A,A,A,A
,,,,webcourses.ucf.edu,EEL3801C-18Fall 0M01,0.5,3,,25,5.21,80.54,5,70.33,20.5,1,8,79.17,94.17,12.8,1,,68.3,,2,1,0,,0.5,0.71,0.5,N/A,0,2,,N/A,N/A,,,0,N/A,,69.3,,90.56,90.51,95,,2,0,2,,1,,,,,,,,,65.82,65.82,49.5,49.5,71.92,71.92,71.92,71.92,90.56,90.56,90.56,90.56,90.51,90.51,90.51,90.51,95,95,95,95,80.54,80.54,80.54,80.54,94.17,94.17,94.17,94.17,69.3,69.3,69.3,69.3,100,100,100,100,82,82,82,82,51.2,51.2,51.2,51.2,,,,,82.82,82.82,82.82,82.82,A-,A-,A-,A-
,,,,webcourses.ucf.edu,EEL3801C-18Fall 0M02,0.5,6,,18.67,0.5,81.57,N/A,76.07,16,1,1,44.87,52.87,11.67,2,,47.9,,N/A,,,,,N/A,,,,,,,,N/A,,,,,49.9,,69.97,83.79,67,N/A,0,0,,1,1,,,,,,,,,19.12,19.12,10.57,10.57,56.95,56.95,56.95,56.95,69.97,69.97,69.97,69.97,83.79,83.79,83.79,83.79,67,67,67,67,81.57,81.57,81.57,81.57,52.87,52.87,52.87,52.87,49.9,49.9,49.9,49.9,74.67,74.67,74.67,74.67,64,64,64,64,46.68,46.68,46.68,46.68,,,,,63.95,63.95,63.95,63.95,C,C,C,C
,,,,webcourses.ucf.edu,EEL3801C-18Fall 0M01,0.5,5,,22.67,8,101.5,5,88.5,22.5,1,14.25,90.5,111.75,24.67,9,,69.23,0,3,0.5,1,1,0.5,3,0.5,N/A,,1.5,2,N/A,N/A,3,1.75,1,N/A,1,78.23,,94,95.72,99,3,0,0,,1,1,,,,,,,,,103.33,103.33,96.12,96.12,82.49,82.49,82.49,82.49,94,94,94,94,95.72,95.72,95.72,95.72,99,99,99,99,101.5,101.5,101.5,101.5,111.75,111.75,111.75,111.75,78.23,78.23,78.23,78.23,90.67,90.67,90.67,90.67,90,90,90,90,98.68,98.68,98.68,98.68,,,,,96.25,96.25,96.25,96.25,A,A,A,A
,,,,webcourses.ucf.edu,EEL3801C-18Fall 0M01,0.5,6,,14.17,3.58,82.08,,73.5,21.5,1,6,78.73,91.73,15.4,8,,66.9,1,2,0.5,,1,0,0.33,0,N/A,0.25,,2,N/A,N/A,2,0,1,N/A,0,80.4,,75.24,52.06,72,4,2,0,2,1,1,,,,,,,,,72.27,72.27,59.94,59.94,73.33,73.33,73.33,73.33,75.24,75.24,75.24,75.24,52.06,52.06,52.06,52.06,72,72,72,72,82.08,82.08,82.08,82.08,91.73,91.73,91.73,91.73,80.4,80.4,80.4,80.4,56.67,56.67,56.67,56.67,86,86,86,86,61.6,61.6,61.6,61.6,,,,,77.63,77.63,77.63,77.63,B,B,B,B
,,,,webcourses.ucf.edu,EEL3801C-18Fall 0M02,0.5,7,3,22.67,7.5,78.33,N/A,65.83,12.5,1,8,66.8,81.8,16.67,4,,0,,N/A,,,,,N/A,0,4,0,,,5,2,N/A,,,2,,4,,92.79,88.42,90,N/A,0,0,2,1,1,,,,,,,,,84.38,84.38,65.85,65.85,45.48,45.48,45.48,45.48,92.79,92.79,92.79,92.79,88.42,88.42,88.42,88.42,90,90,90,90,78.33,78.33,78.33,78.33,81.8,81.8,81.8,81.8,4,4,4,4,90.67,90.67,90.67,90.67,50,50,50,50,66.68,66.68,66.68,66.68,,,,,64.68,64.68,64.68,64.68,C,C,C,C
,,,,webcourses.ucf.edu,EEL3801C-18Fall 0M02,0.5,5,3,24.5,5.5,80.5,N/A,70,20,1,11,41.8,59.8,17,2,,57.75,1,N/A,0.5,,1,0,N/A,,1.5,0,0,1,4,3,N/A,1,,,,59.75,,72.79,81.36,75,N/A,0,1,,,1,,,,,,,,,69.44,69.44,60.98,60.98,56.86,56.86,56.86,56.86,72.79,72.79,72.79,72.79,81.36,81.36,81.36,81.36,75,75,75,75,80.5,80.5,80.5,80.5,59.8,59.8,59.8,59.8,59.75,59.75,59.75,59.75,98,98,98,98,80,80,80,80,68,68,68,68,,,,,71.75,71.75,71.75,71.75,C+,C+,C+,C+
,,,,webcourses.ucf.edu,EEL3801C-18Fall 0M02,0.5,5,4,24.5,8.75,96.25,N/A,82.5,25,1,13,87.5,107.5,27,2,,92.53,1,N/A,0.5,0,,0,N/A,0.5,3,0.25,0,2,4,3,N/A,2,,,,94.53,,89.95,95.33,91,N/A,0,0,,1,1,,,,,,,,,84.68,84.68,76.42,76.42,87.14,87.14,87.14,87.14,89.95,89.95,89.95,89.95,95.33,95.33,95.33,95.33,91,91,91,91,96.25,96.25,96.25,96.25,107.5,107.5,107.5,107.5,94.53,94.53,94.53,94.53,98,98,98,98,100,100,100,100,108,108,108,108,,,,,98.52,98.52,98.52,98.52,A,A,A,A
,,,,webcourses.ucf.edu,EEL3801C-18Fall 0M02,0,,3,24.5,7.5,95.5,N/A,83,22.5,1,13.1,71.33,91.43,27,8,,75.2,,N/A,1,1,1,0.5,N/A,0.5,2.5,0,1,2,5,3,N/A,1.1,1,2,1,83.2,,89.63,87.8,78,N/A,0,2,1,1,1,,,,,,,,,101.18,101.18,97.89,97.89,76.51,76.51,74.77,74.77,89.63,89.63,89.63,89.63,87.8,87.8,87.8,87.8,78,78,78,78,95.5,95.5,95.5,95.5,91.43,91.43,91.43,91.43,83.2,83.2,83.2,83.2,98,98,98,98,90,90,90,90,108,108,108,108,,,,,90.64,90.64,90.64,90.64,A,A,A,A
"Student, Test",4212711,,7a1c5a8105eed2df332f200848dfaac6acbb728c,webcourses.ucf.edu,EEL3801C-18Fall 0M01 and EEL3801C-18Fall 0M02,0,,0,25,,100,,,25,,,,100,25,,,,,,,,,,,,,,,,,,,,,,,100,,0,100,50,,,,,,,,,,,,,,,0,0,0,0,,,0,0,0,0,0,0,100,100,100,100,50,50,50,50,100,100,100,100,100,100,100,100,100,100,100,100,100,100,100,100,100,100,100,100,100,100,100,100,,,,,91.01,91.01,91.01,91.01,A,A,A,A